customer_id,first_name,last_name,date_of_birth,gender,city,state,customer_since,kyc_status,segment,annual_income,credit_score,is_active,Age
C000009,Benjamin,Kim,06-Jul-57,Female,Fresno,CA,15-Sep-15,Partial,Retail,63644,537,Yes,69
C000022,Ethan,Clark,18-Apr-85,Female,Santa Ana,CA,09-Nov-16,Verified,Business,107654,849,Yes,41
C000040,James,Osei,02-Jul-68,Non-Binary,Riverside,CA,06-Jun-11,Failed,Senior,96563,525,No,58
C000047,Patricia,Wang,30-Jul-73,Male,Riverside,CA,28-Oct-10,Failed,Premium,87473,755,No,53
C000065,Scott,Wright,28-Jan-72,Male,Long Beach,CA,04-Feb-12,Failed,Premium,156491,582,No,54
C000073,Samuel,Mensah,15-Jun-93,Male,San Francisco,CA,19-Apr-18,Verified,Retail,113249,780,Yes,33
C000081,Yan,Lewis,31-Aug-89,Non-Binary,Fresno,CA,23-Dec-23,Verified,Retail,227397,723,Yes,37
C000085,Steven,Allen,23-Apr-73,Female,San Diego,CA,13-Jul-19,Verified,Business,226580,742,Yes,53
C000095,Carolyn,Martinez,25-Dec-79,Male,Long Beach,CA,29-May-13,Partial,Wealth,171671,837,Yes,47
C000096,Gregory,Adesanya,30-Dec-68,Non-Binary,Long Beach,CA,15-Aug-22,Partial,Wealth,105219,815,Yes,58
C000098,Lei,Clark,04-Dec-84,Male,Long Beach,CA,14-Oct-10,Verified,Business,120771,822,Yes,42
C000100,Betty,Gupta,21-Aug-76,Male,Anaheim,CA,24-Jun-18,Failed,Student,60579,781,No,50
C000101,Nancy,Wang,08-Jul-91,Female,Stockton,CA,26-May-12,Verified,Student,99314,607,Yes,35
C000109,Jacob,Jones,12-Aug-98,Female,San Jose,CA,02-Jan-19,Failed,Business,72656,587,No,28
C000110,Samuel,Rodriguez,15-Feb-92,Non-Binary,Stockton,CA,19-Apr-22,Pending,Premium,253359,651,Yes,34
C000115,Donna,Taylor,23-Jun-91,Male,Sacramento,CA,09-Aug-18,Failed,Senior,247295,568,No,35
C000123,Daniel,Joshi,18-Jul-69,Non-Binary,Anaheim,CA,02-May-10,Verified,Premium,78685,746,Yes,57
C000127,Jun,White,27-May-76,Male,Stockton,CA,13-Apr-10,Partial,Student,169544,666,Yes,50
C000130,James,Koné,02-Jun-67,Male,San Francisco,CA,21-Oct-10,Verified,Retail,237031,623,Yes,59
C000139,Donna,Wu,22-Apr-56,Male,Riverside,CA,08-Jun-21,Partial,Wealth,210670,532,Yes,70
C000142,Timothy,Sanchez,06-Nov-63,Non-Binary,San Diego,CA,12-Dec-16,Pending,Wealth,70585,745,Yes,63
C000145,Patrick,Shah,11-Oct-64,Non-Binary,San Diego,CA,21-Jun-23,Pending,Senior,90299,543,Yes,62
C000147,Priya,Thomas,24-Nov-70,Female,Sacramento,CA,23-Oct-12,Partial,Business,240629,696,Yes,56
C000152,William,Kumar,16-Feb-75,Male,Santa Ana,CA,24-Jan-16,Partial,Premium,61950,584,Yes,51
C000154,Jeffrey,Gonzalez,09-Aug-80,Male,Riverside,CA,26-Jul-11,Verified,Business,100345,535,Yes,46
C000155,Daniel,Allen,03-Aug-85,Non-Binary,Long Beach,CA,03-Jun-11,Pending,Senior,79031,687,Yes,41
C000158,Lisa,Jung,05-Jan-84,Female,Sacramento,CA,07-Sep-10,Verified,Business,296921,736,No,42
C000163,Steven,Sanchez,17-May-76,Male,Santa Ana,CA,22-Apr-14,Partial,Business,159896,755,Yes,50
C000166,Lei,Ramirez,09-Dec-59,Non-Binary,San Jose,CA,16-Mar-22,Pending,Retail,45714,559,Yes,67
C000169,Rachel,Lim,23-Oct-92,Male,Sacramento,CA,15-Nov-23,Verified,Senior,61743,559,Yes,34
C000175,Katherine,Davis,11-Jun-59,Non-Binary,Sacramento,CA,24-Dec-21,Verified,Senior,84336,511,Yes,67
C000181,Dorothy,Martinez,16-Apr-82,Non-Binary,Stockton,CA,09-Mar-12,Verified,Senior,277733,557,Yes,44
C000183,Kathleen,Patel,06-Feb-64,Non-Binary,Stockton,CA,26-Aug-14,Partial,Premium,35395,821,Yes,62
C000194,Melissa,Flores,11-May-89,Non-Binary,Riverside,CA,12-Oct-23,Pending,Student,223449,718,Yes,37
C000196,Pamela,Okonkwo,22-Nov-91,Male,Sacramento,CA,07-Sep-21,Verified,Student,160779,508,Yes,35
C000199,Neha,Adesanya,03-Jun-66,Male,Anaheim,CA,30-Apr-17,Partial,Senior,167385,664,Yes,60
C000210,Gary,Ndidi,10-Nov-72,Non-Binary,Sacramento,CA,21-Jan-21,Verified,Wealth,62210,597,Yes,54
C000212,Susan,Rivera,12-Jun-57,Non-Binary,Long Beach,CA,31-May-13,Pending,Student,139251,808,Yes,69
C000213,Mason,Lee,06-May-83,Non-Binary,Riverside,CA,05-Nov-17,Partial,Wealth,106411,742,No,43
C000236,Michael,Yang,30-Sep-61,Male,Anaheim,CA,20-Sep-12,Partial,Premium,162682,510,Yes,65
C000239,Yan,Singh,05-Oct-93,Male,Long Beach,CA,20-Sep-15,Failed,Student,241409,504,No,33
C000245,Robert,Jackson,18-May-64,Male,Santa Ana,CA,05-Nov-18,Verified,Business,279903,614,No,62
C000249,Liam,Baker,04-Nov-75,Female,Fresno,CA,17-Mar-10,Pending,Wealth,254002,611,Yes,51
C000250,Neha,Mbeki,12-Mar-55,Non-Binary,Anaheim,CA,01-Aug-23,Partial,Wealth,266419,761,Yes,71
C000254,Stephanie,Taylor,18-Aug-81,Female,Santa Ana,CA,30-Oct-22,Pending,Student,297670,600,Yes,45
C000263,William,Wu,01-Aug-63,Non-Binary,Anaheim,CA,15-Apr-23,Verified,Premium,181634,773,No,63
C000265,Kenneth,Osei,27-Oct-92,Female,Riverside,CA,13-Mar-15,Verified,Premium,130706,843,Yes,34
C000274,Barbara,Baker,24-Nov-98,Female,Anaheim,CA,01-Oct-17,Partial,Premium,40038,689,Yes,28
C000275,Joshua,Park,08-Mar-57,Non-Binary,Santa Ana,CA,03-Dec-11,Partial,Wealth,283392,795,Yes,69
C000276,Benjamin,Wright,28-Sep-62,Non-Binary,San Diego,CA,07-Mar-11,Pending,Business,242275,611,Yes,64
C000281,James,Ndidi,07-Feb-80,Male,Los Angeles,CA,17-Jul-19,Partial,Premium,283550,507,Yes,46
C000286,Carolyn,Kim,25-Apr-96,Non-Binary,Anaheim,CA,23-Dec-23,Verified,Premium,194903,727,Yes,30
C000290,Pooja,Koné,28-Jun-64,Female,Sacramento,CA,31-May-16,Partial,Wealth,204424,742,Yes,62
C000298,Pamela,Shah,25-Sep-83,Non-Binary,Sacramento,CA,07-May-17,Failed,Business,215128,767,No,43
C000307,Christopher,Thomas,06-Apr-71,Male,Santa Ana,CA,19-Aug-15,Failed,Business,47182,720,No,55
C000309,Amanda,Choi,30-Jan-77,Male,San Diego,CA,20-Jul-19,Verified,Premium,294913,610,Yes,49
C000311,Pamela,Yoon,24-Dec-94,Non-Binary,Santa Ana,CA,18-Sep-16,Verified,Wealth,155446,842,Yes,32
C000312,Nicholas,Mehta,05-Jul-00,Female,Fresno,CA,13-Nov-18,Verified,Wealth,164585,737,Yes,26
C000319,Janet,Flores,18-Jan-63,Female,Riverside,CA,23-Oct-10,Verified,Premium,62121,754,Yes,63
C000320,Priya,Osei,04-Nov-82,Female,Los Angeles,CA,01-Sep-12,Partial,Wealth,250294,593,Yes,44
C000321,Kathleen,King,26-Nov-76,Non-Binary,Long Beach,CA,08-Feb-17,Partial,Wealth,141735,676,Yes,50
C000326,Susan,Rodriguez,07-Sep-95,Male,Long Beach,CA,06-Jan-19,Pending,Student,84968,613,Yes,31
C000331,Richard,Nguyen,05-May-80,Non-Binary,Riverside,CA,17-Jul-10,Pending,Student,43062,520,Yes,46
C000337,Anthony,Smith,02-Dec-64,Male,Fresno,CA,06-May-14,Partial,Wealth,76165,736,Yes,62
C000349,Benjamin,Liu,02-Feb-86,Male,Los Angeles,CA,06-Jul-23,Pending,Premium,77826,823,No,40
C000354,Stephanie,Thompson,24-Feb-58,Non-Binary,San Francisco,CA,16-May-11,Failed,Premium,183331,641,No,68
C000355,Michael,Smith,05-Sep-85,Female,Los Angeles,CA,15-Aug-20,Pending,Senior,49233,809,Yes,41
C000357,Anthony,Adesanya,28-May-95,Non-Binary,Anaheim,CA,30-Dec-16,Partial,Wealth,88608,590,Yes,31
C000368,Rebecca,Lim,27-Sep-74,Male,Sacramento,CA,30-Dec-16,Verified,Business,127340,622,Yes,52
C000369,Benjamin,Anderson,27-Feb-73,Male,Anaheim,CA,23-Aug-19,Pending,Business,205850,525,No,53
C000370,Margaret,Koné,17-Dec-82,Female,Stockton,CA,24-May-20,Failed,Senior,91382,511,No,44
C000378,Larry,Mitchell,05-May-73,Male,San Jose,CA,17-May-22,Verified,Premium,99568,534,Yes,53
C000382,Thomas,Nguyen,22-Sep-79,Non-Binary,Sacramento,CA,14-Dec-14,Partial,Student,226385,806,Yes,47
C000384,Katherine,Mitchell,15-Apr-84,Female,Santa Ana,CA,05-Nov-17,Verified,Premium,253850,532,Yes,42
C000395,Andrew,Garcia,29-Dec-89,Female,Santa Ana,CA,27-Nov-13,Failed,Wealth,64795,671,No,37
C000403,Lei,Mensah,07-Apr-92,Non-Binary,Sacramento,CA,19-Jul-22,Failed,Senior,100368,615,No,34
C000405,Nicole,Wilson,21-Apr-97,Non-Binary,Long Beach,CA,13-Dec-22,Failed,Senior,138476,805,No,29
C000410,Michelle,Choi,05-Mar-82,Female,Los Angeles,CA,23-Oct-13,Partial,Business,258200,712,Yes,44
C000412,Amanda,Lee,10-Jun-83,Female,Riverside,CA,01-Jul-21,Pending,Retail,161341,806,Yes,43
C000424,Nicole,Scott,04-Jun-89,Female,Sacramento,CA,20-Aug-22,Partial,Business,82282,850,Yes,37
C000427,Edward,Zhao,25-Nov-98,Female,Anaheim,CA,23-Dec-23,Failed,Business,65504,606,No,28
C000430,Wei,Choi,07-Apr-85,Non-Binary,Los Angeles,CA,27-Dec-21,Partial,Student,130725,789,Yes,41
C000431,Catherine,Wilson,11-Oct-74,Non-Binary,Anaheim,CA,24-Jan-16,Failed,Wealth,178436,504,No,52
C000440,Lei,Lopez,25-May-86,Non-Binary,San Jose,CA,02-Mar-18,Failed,Wealth,258472,751,No,40
C000448,Jun,Mehta,27-Oct-95,Female,San Diego,CA,29-Apr-19,Partial,Business,69099,757,Yes,31
C000450,Christine,Walker,05-Jun-88,Male,Fresno,CA,15-Jan-18,Verified,Retail,44544,501,Yes,38
C000467,Jeffrey,Nair,17-Apr-89,Male,Riverside,CA,14-May-13,Failed,Business,104654,825,No,37
C000468,Richard,Zhang,24-Dec-99,Male,Fresno,CA,24-Feb-22,Partial,Retail,175605,564,Yes,27
C000480,Kathleen,Young,03-Dec-96,Male,San Francisco,CA,05-Oct-22,Verified,Student,66167,737,Yes,30
C000484,John,Nguyen,05-Dec-96,Non-Binary,San Francisco,CA,14-Aug-23,Failed,Unknown,56387,762,No,30
C000488,Stephen,Campbell,29-Nov-84,Male,Anaheim,CA,13-Dec-10,Verified,Senior,280560,788,Yes,42
C000498,Fang,Jones,23-Dec-60,Male,Anaheim,CA,27-Jan-21,Pending,Premium,119247,600,Yes,66
C000005,Vijay,Jung,26-Jan-87,Non-Binary,Virginia Beach,VA,30-Jan-11,Failed,Business,244918,559,No,39
C000011,Laura,Kim,17-Aug-84,Non-Binary,Colorado Springs,CO,12-Jun-23,Failed,Business,69535,706,No,42
C000021,Isabella,Nelson,30-Sep-84,Non-Binary,Anchorage,AK,21-Dec-12,Failed,Premium,112565,600,No,42
C000042,Lei,Koné,07-Apr-96,Non-Binary,Washington,DC,02-May-20,Failed,Student,74913,542,No,30
C000053,Betty,Lopez,20-Jun-60,Non-Binary,Philadelphia,PA,06-Jul-19,Failed,Wealth,243163,522,No,66
C000092,Jun,Baker,28-Jun-61,Non-Binary,Raleigh,NC,24-Sep-19,Failed,Student,87523,752,No,65
C000113,Ming,Campbell,12-Jan-60,Non-Binary,St. Louis,MO,18-Jul-11,Partial,Senior,204643,638,No,66
C000118,Gregory,Roberts,24-Feb-85,Non-Binary,Dallas,TX,12-Jul-11,Failed,Senior,207006,537,No,41
C000153,Angela,Martinez,20-Jan-65,Non-Binary,Philadelphia,PA,01-Aug-14,Failed,Senior,108885,628,No,61
C000164,Mason,Davis,06-Dec-89,Non-Binary,Pittsburgh,PA,22-Nov-17,Failed,Student,297365,694,No,37
C000177,Justin,Lee,28-Jan-97,Non-Binary,Albuquerque,NM,07-Feb-16,Partial,Business,230265,563,No,29
C000192,Gregory,Hill,18-Sep-98,Non-Binary,Oklahoma City,OK,05-Jul-20,Failed,Student,159508,787,No,28
C000219,Rachel,King,25-Jan-76,Non-Binary,Seattle,WA,27-Sep-21,Partial,Wealth,221618,526,No,50
C000223,Carolyn,Brown,20-May-79,Non-Binary,Boston,MA,18-May-10,Failed,Retail,44654,759,No,47
C000240,Joseph,Brown,16-Mar-83,Non-Binary,Aurora,CO,01-May-13,Failed,Retail,274974,708,No,43
C000253,Timothy,Kang,10-Feb-83,Non-Binary,Phoenix,AZ,27-Jan-10,Failed,Student,166857,509,No,43
C000258,Sneha,Wu,20-Jan-88,Non-Binary,Houston,TX,25-Oct-16,Failed,Wealth,125221,714,No,38
C000273,Shirley,Allen,10-Jan-61,Non-Binary,Phoenix,AZ,13-Apr-14,Failed,Retail,134996,791,No,65
C000296,Yan,Clark,30-Aug-63,Non-Binary,Minneapolis,MN,22-Nov-13,Failed,Premium,201469,812,No,63
C000300,Stephen,Lee,06-Oct-83,Non-Binary,Omaha,NE,31-May-14,Failed,Senior,169310,607,No,43
C000313,Neha,Mensah,24-Aug-65,Non-Binary,Dallas,TX,24-Nov-13,Failed,Premium,284350,734,No,61
C000328,Thomas,Wright,03-Jul-77,Non-Binary,Baltimore,MD,23-Feb-13,Failed,Retail,95388,821,No,49
C000332,Maria,Singh,24-Nov-78,Non-Binary,Nashville,TN,14-Apr-15,Failed,Retail,270795,755,No,48
C000345,Janet,Jones,25-Aug-71,Non-Binary,Charlotte,NC,10-Jun-17,Failed,Wealth,52300,715,No,55
C000361,Kenneth,Zhang,14-Feb-93,Non-Binary,Honolulu,HI,25-Nov-14,Verified,Premium,34394,751,No,33
C000396,Stephanie,Shah,17-Jul-89,Non-Binary,Dallas,TX,09-Mar-10,Failed,Student,27724,773,No,37
C000398,Jennifer,Nair,12-Sep-89,Non-Binary,Fort Worth,TX,09-Jun-16,Failed,Senior,84197,534,No,37
C000419,Jacob,Scott,11-Feb-57,Non-Binary,New Orleans,LA,03-Feb-23,Verified,Premium,102837,727,No,69
C000429,Brian,Huang,17-May-67,Non-Binary,Jacksonville,FL,24-Apr-19,Failed,Wealth,113499,784,No,59
C000463,Dennis,Huang,19-Nov-56,Non-Binary,Lexington,KY,04-May-23,Verified,Wealth,267285,728,No,70
C000499,Cynthia,Zhao,13-Jul-87,Non-Binary,St. Louis,MO,03-Apr-23,Failed,Premium,241392,735,No,39
C000004,Carol,Lewis,13-Dec-60,Non-Binary,Baltimore,MD,16-Jun-18,Partial,Wealth,82660,579,Yes,66
C000006,Andrew,Hall,06-Sep-93,Non-Binary,Oklahoma City,OK,22-Apr-18,Partial,Student,190978,581,Yes,33
C000007,Jason,Koné,30-Oct-65,Non-Binary,Pittsburgh,PA,03-Jun-21,Pending,Student,213495,517,Yes,61
C000010,Andrew,Patel,14-Oct-74,Non-Binary,Tucson,AZ,02-Apr-18,Pending,Retail,89187,536,Yes,52
C000013,Sandra,Kim,29-Dec-94,Non-Binary,Minneapolis,MN,19-Dec-20,Verified,Wealth,188796,584,Yes,32
C000014,Sharon,Gonzalez,03-Jul-91,Non-Binary,San Antonio,TX,12-Aug-13,Pending,Student,125245,752,Yes,35
C000020,Thomas,Zhang,02-Sep-91,Non-Binary,Aurora,CO,22-Jul-18,Verified,Retail,38814,759,Yes,35
C000023,Nicole,Martinez,08-Jan-58,Non-Binary,Denver,CO,09-May-12,Verified,Student,181869,619,Yes,68
C000024,Rahul,Garcia,22-Nov-99,Non-Binary,Colorado Springs,CO,25-Jul-18,Partial,Business,277792,609,Yes,27
C000034,Lisa,Clark,16-Apr-90,Non-Binary,Indianapolis,IN,26-Jan-20,Pending,Retail,78283,526,Yes,36
C000038,John,Osei,29-Oct-98,Non-Binary,Atlanta,GA,18-May-18,Partial,Premium,184805,549,Yes,28
C000039,Priya,Li,18-Jul-61,Non-Binary,Columbus,OH,31-Mar-23,Verified,Retail,88774,628,Yes,65
C000043,Patrick,Williams,19-Jul-74,Non-Binary,Chicago,IL,24-Oct-13,Partial,Wealth,284703,810,Yes,52
C000045,Carolyn,Scott,25-Aug-59,Non-Binary,Mesa,AZ,26-Oct-17,Pending,Premium,130939,687,Yes,67
C000050,Maria,Ndidi,02-Jan-65,Non-Binary,Seattle,WA,14-Aug-21,Verified,Student,269925,750,Yes,61
C000054,Samuel,Garcia,07-Jul-79,Non-Binary,Tucson,AZ,24-Jun-16,Partial,Senior,298090,601,Yes,47
C000055,Kenneth,Okonkwo,08-Feb-74,Non-Binary,Honolulu,HI,11-Mar-18,Pending,Wealth,278230,811,Yes,52
C000059,James,Huang,25-Jun-64,Non-Binary,New York,NY,10-Dec-17,Partial,Wealth,71644,815,Yes,62
C000068,Jun,Li,19-Jun-90,Non-Binary,Lexington,KY,05-Jan-20,Pending,Wealth,164162,521,Yes,36
C000071,George,Gonzalez,02-Dec-58,Non-Binary,Boston,MA,08-Oct-20,Partial,Premium,63003,821,Yes,68
C000074,Neha,Lewis,23-Apr-88,Non-Binary,New Orleans,LA,21-Jan-15,Pending,Unknown,89429,563,Yes,38
C000088,Lei,Perez,09-Apr-91,Non-Binary,Austin,TX,19-Apr-13,Pending,Retail,114708,784,Yes,35
C000093,Stephanie,Yoon,18-Oct-88,Non-Binary,Houston,TX,20-Jun-22,Partial,Business,246955,524,Yes,38
C000103,Fang,Kim,14-Aug-85,Non-Binary,Kansas City,MO,01-Sep-20,Pending,Business,138330,780,Yes,41
C000111,Heather,Nelson,04-Mar-65,Non-Binary,Aurora,CO,22-Jun-19,Partial,Retail,222087,572,Yes,61
C000122,Kathleen,Nguyen,17-Nov-97,Non-Binary,Jacksonville,FL,09-Apr-18,Pending,Premium,292346,712,Yes,29
C000128,Benjamin,White,13-Apr-87,Non-Binary,Las Vegas,NV,26-Mar-23,Partial,Business,37905,700,Yes,39
C000133,Emma,Okonkwo,12-Nov-86,Non-Binary,Lexington,KY,31-Jan-19,Partial,Retail,287083,779,Yes,40
C000134,Patricia,Campbell,25-Sep-80,Non-Binary,Boston,MA,10-Apr-19,Verified,Business,217099,623,Yes,46
C000135,Dennis,Lopez,28-Apr-77,Non-Binary,Corpus Christi,TX,13-Aug-15,Pending,Student,41903,541,Yes,49
C000143,Isabella,Carter,21-Aug-82,Non-Binary,Philadelphia,PA,28-Feb-11,Verified,Student,48683,816,Yes,44
C000144,Melissa,Adesanya,29-Oct-56,Non-Binary,Nashville,TN,21-Jan-20,Pending,Senior,46616,766,Yes,70
C000160,Amit,Allen,18-Sep-70,Non-Binary,Washington,DC,17-Feb-17,Verified,Student,181327,548,Yes,56
C000161,Shirley,Thompson,21-Dec-64,Non-Binary,Baltimore,MD,10-Jun-19,Partial,Business,167031,564,Yes,62
C000162,Hong,Mitchell,03-Apr-69,Non-Binary,Oklahoma City,OK,29-Jun-20,Pending,Retail,190332,766,Yes,57
C000182,Larry,Yoon,15-Jul-60,Non-Binary,Pittsburgh,PA,15-Feb-15,Partial,Business,96803,758,Yes,66
C000184,Dorothy,Iyer,16-Oct-55,Non-Binary,Atlanta,GA,07-Apr-15,Partial,Premium,202627,762,Yes,71
C000189,Mary,Wilson,23-Feb-84,Non-Binary,Austin,TX,01-Sep-18,Partial,Business,82381,613,Yes,42
C000195,Joseph,Martinez,11-Jan-93,Non-Binary,Milwaukee,WI,29-Apr-13,Pending,Student,34039,689,Yes,33
C000215,Jonathan,Iyer,15-May-89,Non-Binary,Las Vegas,NV,25-May-19,Verified,Student,103360,813,Yes,37
C000217,John,Chen,12-Sep-59,Non-Binary,Memphis,TN,18-Sep-17,Verified,Wealth,124807,573,Yes,67
C000221,Brandon,Walker,29-Mar-00,Non-Binary,Jacksonville,FL,04-Aug-18,Partial,Student,149601,659,Yes,26
C000227,Jerry,Campbell,07-Sep-63,Non-Binary,San Antonio,TX,08-Aug-20,Verified,Business,94950,582,Yes,63
C000228,Thomas,Sharma,16-Dec-73,Non-Binary,Milwaukee,WI,06-Feb-16,Partial,Senior,269573,682,Yes,53
C000233,Jessica,Shah,06-Jan-99,Non-Binary,Chicago,IL,05-Jun-19,Verified,Business,128947,760,Yes,27
C000234,Rahul,Lee,12-Mar-75,Non-Binary,Colorado Springs,CO,19-Jun-15,Partial,Business,290929,767,Yes,51
C000243,Justin,Mitchell,12-Oct-77,Non-Binary,Fort Worth,TX,21-Jan-15,Verified,Wealth,92990,831,Yes,49
C000247,Timothy,Yang,29-Jun-61,Non-Binary,Omaha,NE,17-Jul-21,Verified,Retail,282092,731,Yes,65
C000252,Brandon,Wright,15-Jul-84,Non-Binary,Boston,MA,22-Aug-16,Pending,Business,297304,534,Yes,42
C000260,Daniel,Cho,20-Jul-92,Non-Binary,Pittsburgh,PA,21-Jul-16,Verified,Wealth,110268,771,Yes,34
C000267,Maria,Li,04-Feb-81,Non-Binary,New Orleans,LA,05-Apr-11,Verified,Unknown,254923,813,Yes,45
C000272,Ling,Nelson,07-May-58,Non-Binary,Jacksonville,FL,17-Jan-22,Partial,Student,292031,829,Yes,68
C000282,Divya,Scott,06-Aug-82,Non-Binary,Albuquerque,NM,14-Apr-21,Verified,Business,95047,827,Yes,44
C000284,Aiden,Han,30-Mar-94,Non-Binary,Fort Worth,TX,22-Oct-20,Partial,Senior,261677,638,Yes,32
C000285,Susan,Lim,05-Dec-94,Non-Binary,Mesa,AZ,07-Apr-16,Verified,Business,67547,814,Yes,32
C000318,Raymond,Sharma,12-Apr-86,Non-Binary,Honolulu,HI,04-Aug-12,Verified,Student,124417,751,Yes,40
C000322,Divya,Adesanya,17-Nov-00,Non-Binary,Oklahoma City,OK,05-Feb-19,Pending,Student,234537,545,Yes,26
C000324,Stephanie,Nguyen,04-Jan-97,Non-Binary,Phoenix,AZ,30-Jun-15,Partial,Student,233464,659,Yes,29
C000329,Thomas,Choi,14-Sep-73,Non-Binary,Portland,OR,11-Jun-20,Pending,Retail,150031,540,Yes,53
C000330,Lei,Yoon,11-Jun-77,Non-Binary,Fort Worth,TX,06-May-18,Partial,Business,124807,605,Yes,49
C000335,Nicole,Patel,05-Feb-72,Non-Binary,Atlanta,GA,21-Aug-22,Pending,Student,173657,781,Yes,54
C000338,Lei,Iyer,29-Nov-90,Non-Binary,Philadelphia,PA,30-Mar-21,Verified,Premium,160956,600,Yes,36
C000343,James,Traoré,10-Sep-73,Non-Binary,Lexington,KY,31-Jan-23,Partial,Premium,129366,754,Yes,53
C000344,Steven,Jackson,27-Apr-79,Non-Binary,Virginia Beach,VA,25-Apr-18,Pending,Premium,187505,593,Yes,47
C000351,Jason,Zhao,10-Feb-75,Non-Binary,Indianapolis,IN,21-May-20,Partial,Business,48492,702,Yes,51
C000352,Eric,Lim,06-Jan-99,Non-Binary,Oklahoma City,OK,19-Feb-17,Pending,Senior,87621,830,Yes,27
C000356,Sneha,Williams,20-Sep-57,Non-Binary,Austin,TX,20-May-12,Partial,Student,39008,617,Yes,69
C000358,Ethan,Park,19-Aug-72,Non-Binary,Lexington,KY,07-Jan-20,Verified,Student,73968,781,Yes,54
C000359,Anna,Williams,16-Sep-75,Non-Binary,Philadelphia,PA,12-Dec-23,Partial,Premium,238296,525,Yes,51
C000363,Rachel,Gupta,12-Jan-70,Non-Binary,Virginia Beach,VA,17-Nov-11,Partial,Business,195531,829,Yes,56
C000365,Nancy,Scott,07-Mar-71,Non-Binary,Nashville,TN,02-Oct-14,Pending,Wealth,187072,754,Yes,55
C000388,Larry,Zhang,23-Aug-96,Non-Binary,Albuquerque,NM,22-Mar-23,Pending,Student,272550,808,Yes,30
C000391,Amit,Lewis,09-Aug-93,Non-Binary,Denver,CO,12-Jun-23,Pending,Senior,220187,686,Yes,33
C000400,Cynthia,Kang,05-Aug-68,Non-Binary,Honolulu,HI,25-Dec-18,Partial,Retail,213903,745,Yes,58
C000402,Eric,Carter,09-Apr-86,Non-Binary,Lexington,KY,20-Aug-13,Pending,Retail,167151,615,Yes,40
C000406,Nancy,Thomas,16-Nov-88,Non-Binary,Portland,OR,19-Jul-12,Pending,Business,204002,818,Yes,38
C000411,Anthony,Mitchell,21-Dec-96,Non-Binary,Albuquerque,NM,29-Nov-21,Verified,Unknown,289210,844,Yes,30
C000415,David,Thomas,15-Jul-84,Non-Binary,Indianapolis,IN,21-Sep-23,Pending,Student,279951,561,Yes,42
C000418,Amanda,Jones,31-Dec-98,Non-Binary,Portland,OR,23-Dec-23,Partial,Student,258062,627,Yes,28
C000423,Jerry,Han,21-Jul-95,Non-Binary,Charlotte,NC,13-Jan-22,Verified,Retail,49660,619,Yes,31
C000432,Sandra,Huang,07-Sep-58,Non-Binary,Fort Worth,TX,03-Nov-22,Pending,Premium,65399,803,Yes,68
C000433,Barbara,Mbeki,30-Jan-68,Non-Binary,Pittsburgh,PA,18-Aug-21,Pending,Business,37910,705,Yes,58
C000438,Mary,Nelson,21-Jan-85,Non-Binary,Memphis,TN,17-Jul-20,Verified,Senior,83568,732,Yes,41
C000442,Anna,Baker,02-Mar-72,Non-Binary,Indianapolis,IN,24-Dec-22,Verified,Senior,212516,547,Yes,54
C000458,Jennifer,Wright,28-Jan-64,Non-Binary,Baltimore,MD,17-Nov-20,Verified,Business,128766,684,Yes,62
C000461,Catherine,Hall,22-Mar-73,Non-Binary,Baltimore,MD,03-Apr-16,Verified,Wealth,73202,638,Yes,53
C000464,Rahul,Huang,05-Jun-78,Non-Binary,Albuquerque,NM,28-Dec-22,Partial,Premium,130854,527,Yes,48
C000471,Stephen,Flores,28-Aug-58,Non-Binary,New Orleans,LA,17-Feb-20,Pending,Senior,140132,749,Yes,68
C000479,George,Yang,03-Mar-90,Non-Binary,Virginia Beach,VA,11-Jun-22,Pending,Student,45683,842,Yes,36
C000492,Divya,Lewis,03-Oct-82,Non-Binary,Pittsburgh,PA,05-Oct-20,Partial,Wealth,195872,767,Yes,44
C000493,Janet,Smith,19-Feb-75,Non-Binary,Honolulu,HI,15-Nov-13,Verified,Senior,33430,783,Yes,51
C000017,Donald,Wright,26-May-95,Female,Jacksonville,FL,03-Sep-22,Verified,Senior,264542,726,Yes,31
C000019,Christopher,Campbell,29-May-64,Female,Indianapolis,IN,19-Mar-18,Verified,Student,109578,842,Yes,62
C000025,Gary,Lee,28-Jul-95,Female,Portland,OR,26-Nov-14,Verified,Business,161753,620,Yes,31
C000026,Amanda,Roberts,15-Mar-99,Female,Kansas City,MO,25-Aug-19,Failed,Student,136594,712,No,27
C000027,Maria,Carter,14-Feb-66,Female,St. Louis,MO,20-Apr-13,Failed,Premium,60652,754,No,60
C000031,Ryan,Scott,19-Dec-88,Female,Kansas City,MO,19-May-12,Partial,Premium,103779,566,Yes,38
C000033,Ronald,Rivera,03-Aug-62,Female,Denver,CO,01-Oct-22,Partial,Business,218301,598,Yes,64
C000035,Fang,Mitchell,06-Apr-00,Female,St. Louis,MO,23-Dec-23,Pending,Wealth,288027,600,Yes,26
C000044,Barbara,Kumar,27-May-95,Female,Dallas,TX,01-Sep-17,Partial,Wealth,183856,659,Yes,31
C000046,Justin,Mensah,15-Nov-81,Female,Las Vegas,NV,22-Jul-18,Verified,Premium,110961,646,Yes,45
C000048,Dorothy,Smith,04-Mar-74,Female,Kansas City,MO,04-Apr-11,Failed,Retail,297987,840,No,52
C000051,Hong,King,25-Nov-69,Female,Baltimore,MD,24-Dec-13,Pending,Premium,46418,677,Yes,57
C000056,Heather,Zhang,26-Mar-67,Female,Corpus Christi,TX,19-Nov-20,Partial,Student,235096,651,Yes,59
C000060,Mary,Zhou,08-Jan-81,Female,Mesa,AZ,20-May-12,Verified,Premium,262320,703,Yes,45
C000063,Margaret,Iyer,24-May-93,Female,Kansas City,MO,01-Sep-11,Verified,Retail,242132,582,Yes,33
C000067,Michael,Wilson,29-Aug-71,Female,Kansas City,MO,14-Feb-20,Verified,Premium,261585,703,Yes,55
C000072,Emily,Shah,06-Apr-77,Female,Tucson,AZ,28-Jun-16,Pending,Senior,268269,778,No,49
C000076,Xiao,Hill,14-Jul-86,Female,New Orleans,LA,05-Jun-12,Verified,Business,45353,533,Yes,40
C000084,Debra,Lee,15-Apr-63,Female,Dallas,TX,24-Jun-14,Failed,Wealth,54708,816,No,63
C000087,Benjamin,Hernandez,08-Sep-82,Female,Minneapolis,MN,26-Jan-16,Pending,Senior,199614,751,Yes,44
C000090,Steven,Chen,08-Jan-60,Female,El Paso,TX,26-Jul-22,Verified,Premium,295070,795,Yes,66
C000091,Samuel,Martinez,25-Sep-94,Female,Portland,OR,24-Jul-13,Verified,Wealth,122772,508,Yes,32
C000094,Ryan,Nelson,31-Jan-66,Female,Omaha,NE,26-Feb-20,Verified,Wealth,86147,811,Yes,60
C000099,Jerry,Ramirez,12-May-70,Female,Anchorage,AK,24-Dec-11,Verified,Business,138317,622,Yes,56
C000104,Amy,Gupta,08-Jun-67,Female,Austin,TX,08-Nov-15,Pending,Student,36793,634,Yes,59
C000106,Ronald,Martinez,02-Nov-95,Female,Atlanta,GA,03-May-14,Pending,Student,100509,765,Yes,31
C000107,Brandon,Smith,18-Sep-55,Female,Phoenix,AZ,19-Feb-20,Partial,Senior,215621,512,Yes,71
C000108,Jessica,Anderson,10-Dec-58,Female,Mesa,AZ,22-Sep-11,Verified,Business,187143,646,Yes,68
C000114,Larry,Perez,16-May-92,Female,Philadelphia,PA,21-Feb-22,Pending,Senior,274600,657,Yes,34
C000119,Larry,Ramirez,06-Jun-65,Female,Jacksonville,FL,28-Aug-12,Failed,Wealth,223171,826,No,61
C000124,Ming,Mensah,10-Jun-97,Female,Phoenix,AZ,23-Dec-23,Pending,Wealth,211279,641,No,29
C000125,Betty,Nair,06-Aug-71,Female,Boston,MA,10-Feb-20,Verified,Senior,64456,844,Yes,55
C000126,Kimberly,Perez,19-Mar-73,Female,Columbus,OH,10-Aug-21,Failed,Wealth,26076,629,No,53
C000131,Raymond,Johnson,16-Jan-55,Female,Milwaukee,WI,24-Jun-19,Verified,Retail,57871,569,No,71
C000136,Jerry,Harris,07-Jun-72,Female,Boston,MA,07-Dec-17,Partial,Student,126161,525,Yes,54
C000137,Vijay,Martinez,27-Jan-94,Female,Oklahoma City,OK,30-Jun-18,Failed,Retail,129503,547,No,32
C000138,Wei,Nair,07-Oct-71,Female,St. Louis,MO,03-Feb-16,Verified,Business,75925,614,Yes,55
C000141,Michelle,Singh,09-Apr-67,Female,Baltimore,MD,08-Sep-15,Pending,Wealth,214029,631,Yes,59
C000148,Sandra,Nelson,02-Jun-85,Female,St. Louis,MO,21-Dec-22,Verified,Student,265792,504,Yes,41
C000151,Christopher,Sow,04-Jan-96,Female,Charlotte,NC,17-Aug-14,Verified,Student,76048,720,Yes,30
C000157,Noah,Johnson,27-Aug-64,Female,Jacksonville,FL,13-Feb-13,Partial,Retail,31799,774,Yes,62
C000159,Robert,Mehta,30-Apr-64,Female,Louisville,KY,12-Dec-22,Failed,Premium,237900,806,No,62
C000168,Kimberly,Nair,08-Sep-79,Female,Chicago,IL,26-Feb-17,Failed,Wealth,160396,529,No,47
C000170,Rohit,Scott,07-Jan-61,Female,Albuquerque,NM,02-Apr-18,Partial,Premium,258452,628,Yes,65
C000172,Frank,Yoon,07-Apr-81,Female,Omaha,NE,13-Aug-15,Partial,Retail,82689,501,Yes,45
C000173,Vijay,Ramirez,10-Apr-00,Female,Atlanta,GA,25-Apr-23,Failed,Premium,196942,785,No,26
C000179,Stephanie,Martin,23-Apr-66,Female,Atlanta,GA,05-Mar-15,Pending,Retail,73756,641,Yes,60
C000186,Stephen,Martin,13-Feb-99,Female,Portland,OR,26-Feb-20,Verified,Wealth,236842,782,Yes,27
C000188,Carolyn,Nguyen,28-Jun-55,Female,Baltimore,MD,15-Dec-22,Pending,Wealth,125544,607,Yes,71
C000190,Jennifer,Davis,26-May-74,Female,Austin,TX,17-Apr-20,Pending,Premium,178951,772,Yes,52
C000197,Michael,Lee,23-May-73,Female,Phoenix,AZ,10-Nov-18,Verified,Wealth,67464,521,Yes,53
C000198,Kimberly,King,16-Dec-98,Female,Nashville,TN,29-Aug-20,Failed,Wealth,233710,555,No,28
C000201,Debra,Green,25-Sep-96,Female,El Paso,TX,27-Aug-16,Pending,Wealth,129592,823,Yes,30
C000202,Maria,Nair,10-Jul-62,Female,Memphis,TN,26-Sep-18,Verified,Premium,65861,623,Yes,64
C000204,Sharon,Davis,10-Jan-60,Female,Charlotte,NC,20-Jan-23,Failed,Senior,184493,754,No,66
C000209,Isabella,Perez,08-Feb-58,Female,Portland,OR,10-Feb-21,Verified,Business,145437,822,Yes,68
C000211,Cynthia,Robinson,19-May-82,Female,Denver,CO,14-May-11,Partial,Student,161327,616,Yes,44
C000214,Ashley,Lim,09-Jun-97,Female,Omaha,NE,23-Dec-23,Failed,Senior,194592,693,No,29
C000220,Noah,Kim,05-Jun-90,Female,Lexington,KY,31-Oct-17,Pending,Retail,264101,842,No,36
C000222,Mia,Mensah,19-Apr-66,Female,Louisville,KY,16-May-13,Verified,Retail,52443,730,Yes,60
C000226,Anna,Jones,25-Aug-80,Female,Honolulu,HI,31-Jul-18,Failed,Senior,29153,644,No,46
C000229,Patrick,Han,29-Nov-96,Female,St. Louis,MO,17-Apr-18,Verified,Retail,76874,688,Yes,30
C000230,Liam,Sharma,21-Sep-81,Female,Portland,OR,23-Jul-19,Pending,Business,61359,601,Yes,45
C000231,Michelle,Rivera,26-Feb-73,Female,Omaha,NE,10-Jun-23,Pending,Wealth,118589,746,Yes,53
C000237,Paul,Thompson,03-Jan-56,Female,Kansas City,MO,16-Feb-14,Pending,Student,245981,513,Yes,70
C000241,Frank,Allen,12-Jan-79,Female,Austin,TX,04-Mar-13,Failed,Senior,181714,739,No,47
C000244,Hui,Johnson,23-Mar-62,Female,Corpus Christi,TX,01-Dec-22,Verified,Senior,246931,513,Yes,64
C000251,Emily,Chen,04-Nov-59,Female,Dallas,TX,27-Apr-16,Verified,Student,93154,845,Yes,67
C000257,Nicholas,Nguyen,19-Feb-68,Female,Lexington,KY,25-May-19,Failed,Senior,35392,554,No,58
C000261,Melissa,Campbell,03-Jul-85,Female,Raleigh,NC,25-Aug-21,Partial,Premium,260296,514,Yes,41
C000264,Rahul,Gupta,07-Mar-81,Female,Aurora,CO,21-Nov-11,Pending,Senior,297534,612,Yes,45
C000266,Gregory,King,15-Dec-97,Female,Houston,TX,11-May-20,Verified,Retail,76426,525,Yes,29
C000277,Nicole,Lewis,26-Jul-87,Female,Omaha,NE,10-May-18,Pending,Business,181603,821,Yes,39
C000280,Ronald,Smith,11-Oct-77,Female,Phoenix,AZ,13-Mar-21,Failed,Student,81161,555,No,49
C000289,Emily,Joshi,09-Aug-85,Female,Charlotte,NC,04-Feb-20,Partial,Student,76888,543,Yes,41
C000294,Michelle,Davis,01-Mar-58,Female,Austin,TX,16-May-10,Verified,Student,156715,814,Yes,68
C000301,Wei,Diallo,08-Mar-95,Female,Colorado Springs,CO,24-Oct-16,Pending,Retail,236962,759,Yes,31
C000302,Jerry,Campbell,30-Apr-97,Female,Baltimore,MD,27-Oct-16,Pending,Retail,277952,763,Yes,29
C000304,Mia,Walker,14-Jan-80,Female,Anchorage,AK,14-Dec-12,Partial,Wealth,202928,568,Yes,46
C000305,Nicole,Adesanya,07-Apr-89,Female,Boston,MA,11-Aug-20,Pending,Student,76180,749,Yes,37
C000310,Matthew,Wilson,19-Jan-70,Female,Boston,MA,24-Jun-23,Failed,Retail,162796,743,No,56
C000316,Yan,Lee,18-Dec-83,Female,Portland,OR,04-Oct-17,Verified,Business,193744,708,Yes,43
C000323,Emma,Lee,29-Apr-68,Female,Phoenix,AZ,06-Oct-10,Failed,Business,44769,723,No,58
C000336,Divya,Wu,10-Sep-89,Female,Corpus Christi,TX,17-Jun-22,Partial,Premium,181690,707,Yes,37
C000339,Carolyn,Joshi,08-Sep-78,Female,Tampa,FL,10-Nov-11,Partial,Senior,74009,817,Yes,48
C000340,David,Anderson,04-Sep-92,Female,Raleigh,NC,21-Aug-13,Pending,Business,42050,548,Yes,34
C000342,Nancy,Okonkwo,18-Apr-57,Female,Oklahoma City,OK,08-Dec-18,Pending,Student,211389,815,Yes,69
C000346,Arjun,Clark,30-Sep-92,Female,Tampa,FL,04-Oct-22,Pending,Business,43848,546,Yes,34
C000360,Eric,Smith,18-Feb-64,Female,Minneapolis,MN,28-Jan-18,Partial,Business,153314,719,Yes,62
C000366,Nicholas,Jung,18-Feb-77,Female,Baltimore,MD,04-May-19,Failed,Retail,25908,848,No,49
C000367,Betty,Shah,21-Jan-64,Female,Charlotte,NC,20-May-22,Verified,Wealth,133771,742,Yes,62
C000371,Cynthia,Martin,18-Feb-84,Female,Dallas,TX,10-Apr-14,Pending,Business,228522,594,Yes,42
C000373,Larry,Mbeki,11-Oct-65,Female,Denver,CO,05-Sep-11,Pending,Business,64951,829,Yes,61
C000375,Timothy,Smith,11-Dec-63,Female,Philadelphia,PA,17-Jul-11,Pending,Student,222647,735,Yes,63
C000376,Noah,Mensah,14-Aug-93,Female,Charlotte,NC,26-Jun-20,Partial,Retail,48943,553,Yes,33
C000383,Matthew,Kang,20-May-88,Female,El Paso,TX,19-Jun-22,Failed,Business,120386,509,No,38
C000385,Sarah,Wright,04-Sep-91,Female,Denver,CO,29-Sep-12,Verified,Business,75079,812,Yes,35
C000386,Catherine,Wilson,19-Mar-73,Female,Nashville,TN,28-Jul-16,Verified,Senior,293582,847,Yes,53
C000392,Andrew,Clark,18-Dec-56,Female,Fort Worth,TX,04-Feb-23,Pending,Premium,274271,585,Yes,70
C000393,Rebecca,Sow,04-Oct-76,Female,Atlanta,GA,19-Oct-12,Pending,Premium,204755,549,Yes,50
C000394,Hong,Thomas,10-May-84,Female,Milwaukee,WI,23-Jan-10,Verified,Retail,228191,797,Yes,42
C000404,Noah,Diallo,18-Aug-92,Female,Anchorage,AK,03-Mar-18,Pending,Business,105764,555,Yes,34
C000408,Kevin,Kang,02-Nov-84,Female,Aurora,CO,18-Dec-12,Pending,Premium,197925,696,Yes,42
C000414,Kathleen,Thomas,18-Jan-81,Female,Seattle,WA,29-Feb-12,Verified,Premium,59383,821,Yes,45
C000417,Anthony,Taylor,29-Jun-55,Female,Philadelphia,PA,19-Sep-17,Verified,Wealth,85372,711,Yes,71
C000422,Brenda,Choi,04-Jul-70,Female,Charlotte,NC,14-Nov-17,Verified,Premium,105307,787,Yes,56
C000426,Jeffrey,Ndidi,28-May-95,Female,Phoenix,AZ,23-Dec-23,Failed,Business,82442,783,No,31
C000428,Lisa,Davis,22-Nov-79,Female,Omaha,NE,21-Jan-21,Partial,Retail,31216,801,Yes,47
C000436,Stephen,Osei,03-Mar-90,Female,Atlanta,GA,09-Jul-19,Failed,Student,87282,826,No,36
C000445,Priya,Joshi,27-Mar-96,Female,Austin,TX,23-Dec-23,Partial,Business,166467,660,Yes,30
C000449,Noah,Mitchell,27-Oct-57,Female,Indianapolis,IN,09-Sep-17,Pending,Business,127610,545,Yes,69
C000452,Jun,Wu,29-Oct-82,Female,St. Louis,MO,10-Oct-15,Failed,Premium,244716,801,No,44
C000453,Sharon,Wang,08-Feb-97,Female,St. Louis,MO,12-Nov-21,Verified,Student,185362,642,Yes,29
C000456,Samantha,Nguyen,07-Dec-56,Female,Tucson,AZ,11-Feb-11,Verified,Wealth,26370,540,Yes,70
C000457,Nicholas,Nelson,11-May-93,Female,New York,NY,17-Aug-17,Verified,Senior,37065,806,Yes,33
C000459,Brandon,Li,04-Jun-55,Female,Columbus,OH,22-Sep-18,Verified,Student,62306,847,Yes,71
C000460,Ryan,Adams,26-Feb-74,Female,Albuquerque,NM,10-Feb-10,Pending,Student,166758,714,Yes,52
C000462,William,Gonzalez,03-Oct-85,Female,Denver,CO,01-Dec-12,Partial,Senior,270764,553,Yes,41
C000465,Frank,Hernandez,09-Feb-87,Female,Louisville,KY,01-Sep-10,Partial,Business,157084,641,Yes,39
C000466,Lei,Martin,10-May-76,Female,St. Louis,MO,19-Jan-16,Partial,Senior,75809,668,Yes,50
C000469,Jacob,Johnson,26-Jul-85,Female,Dallas,TX,15-Oct-21,Failed,Senior,54532,580,No,41
C000472,Ling,Diallo,17-Sep-85,Female,Pittsburgh,PA,09-Jul-16,Pending,Student,129607,798,Yes,41
C000474,Samuel,Ndidi,30-Mar-88,Female,Corpus Christi,TX,24-Oct-19,Partial,Wealth,205290,556,Yes,38
C000478,Lei,Choi,06-Jul-64,Female,Albuquerque,NM,01-Apr-23,Pending,Wealth,90778,786,Yes,62
C000486,Sneha,Taylor,27-Feb-89,Female,Raleigh,NC,24-Apr-15,Pending,Senior,267920,766,Yes,37
C000489,Linda,Sanchez,02-Sep-66,Female,Austin,TX,25-Nov-16,Pending,Retail,115812,810,Yes,60
C000491,Jason,Mensah,25-Mar-56,Female,Kansas City,MO,10-Nov-20,Pending,Student,194851,551,Yes,70
C000495,Yan,Han,19-Jan-91,Female,New York,NY,22-Jun-18,Verified,Student,36674,760,Yes,35
C000496,Larry,Ndidi,31-Mar-69,Female,Louisville,KY,10-Nov-13,Partial,Wealth,34291,696,Yes,57
C000500,Joseph,Li,24-Jun-86,Female,Pittsburgh,PA,28-Jun-13,Verified,Business,132256,724,Yes,40
C000003,Xiao,Green,04-Jul-59,Male,Indianapolis,IN,04-Sep-14,Failed,Business,77992,805,No,67
C000008,Cynthia,Wu,23-Sep-99,Male,Baltimore,MD,28-Mar-20,Failed,Senior,172654,849,No,27
C000016,Dorothy,Lee,13-Jan-87,Male,Minneapolis,MN,05-Jan-20,Verified,Retail,165162,732,No,39
C000029,William,Kim,16-Apr-89,Male,Fort Worth,TX,07-Aug-14,Failed,Senior,227881,676,No,37
C000058,Brian,Rivera,06-Feb-60,Male,Baltimore,MD,23-Oct-14,Failed,Wealth,140743,617,No,66
C000061,Benjamin,Ramirez,01-Feb-00,Male,Indianapolis,IN,22-Sep-23,Failed,Business,95895,567,No,26
C000066,Angela,Jackson,09-Nov-76,Male,Colorado Springs,CO,06-Jul-22,Partial,Student,148780,845,No,50
C000080,Christopher,Iyer,26-Nov-57,Male,Houston,TX,23-Sep-23,Failed,Business,206488,712,No,69
C000089,Elizabeth,Taylor,22-Oct-58,Male,Indianapolis,IN,08-Oct-12,Failed,Retail,218596,739,No,68
C000102,Amy,Lopez,05-Jun-93,Male,Virginia Beach,VA,08-Dec-20,Failed,Retail,92591,754,No,33
C000116,Rahul,Li,29-Apr-97,Male,Corpus Christi,TX,10-Feb-17,Failed,Premium,151965,798,No,29
C000129,Melissa,Hall,04-Feb-57,Male,Memphis,TN,07-Apr-14,Failed,Business,59957,617,No,69
C000140,Thomas,Hill,16-Jan-69,Male,Aurora,CO,23-Dec-16,Failed,Retail,95747,550,No,57
C000156,Katherine,Chen,20-Apr-61,Male,Pittsburgh,PA,06-Aug-16,Failed,Student,120112,624,No,65
C000165,Brandon,Lewis,07-Oct-90,Male,Oklahoma City,OK,07-Mar-20,Failed,Premium,298667,768,No,36
C000180,Jason,Jackson,27-Dec-83,Male,Louisville,KY,28-Mar-23,Failed,Premium,157713,539,No,43
C000185,George,Choi,28-Jun-84,Male,Boston,MA,24-Nov-17,Failed,Retail,100067,619,No,42
C000187,Lisa,Harris,17-Jul-55,Male,Raleigh,NC,02-May-15,Failed,Premium,263460,544,No,71
C000191,Divya,Liu,07-Jun-71,Male,Charlotte,NC,03-Feb-16,Failed,Business,103887,591,No,55
C000206,Arjun,Harris,07-Feb-96,Male,Boston,MA,28-May-16,Partial,Student,273467,728,No,30
C000207,Amanda,Sharma,05-Apr-69,Male,Portland,OR,10-Aug-16,Verified,Premium,56195,746,No,57
C000224,David,Singh,15-Sep-66,Male,New York,NY,21-Jun-18,Failed,Premium,146472,797,No,60
C000232,Christine,Jackson,21-Aug-96,Male,Chicago,IL,21-Nov-20,Failed,Business,209559,844,No,30
C000246,Samantha,Williams,16-Jan-89,Male,Milwaukee,WI,26-Aug-10,Failed,Student,259672,849,No,37
C000255,Edward,Rodriguez,08-Nov-69,Male,Chicago,IL,23-Jun-12,Failed,Premium,62350,643,No,57
C000256,Donna,Adesanya,09-Feb-00,Male,Chicago,IL,23-Dec-23,Failed,Premium,41241,657,No,26
C000271,Shirley,Kumar,15-Aug-68,Male,Portland,OR,24-Dec-11,Failed,Retail,92124,522,No,58
C000279,John,Clark,20-Feb-00,Male,New Orleans,LA,07-Dec-23,Failed,Student,298738,612,No,26
C000347,Amit,Okonkwo,21-May-67,Male,Omaha,NE,15-Oct-23,Failed,Retail,34518,670,No,59
C000381,Lei,Smith,12-Oct-97,Male,Baltimore,MD,26-Nov-16,Failed,Senior,54212,775,No,29
C000399,Amit,Singh,22-Jan-71,Male,Kansas City,MO,20-Dec-17,Failed,Business,42981,755,No,55
C000416,Stephanie,Garcia,31-Jan-72,Male,Columbus,OH,19-Mar-23,Failed,Wealth,98001,832,No,54
C000420,Robert,Miller,17-Mar-86,Male,Washington,DC,18-Mar-19,Failed,Senior,145611,784,No,40
C000425,Patrick,Sanchez,12-Oct-63,Male,Indianapolis,IN,27-Apr-10,Failed,Senior,182013,761,No,63
C000434,Joshua,Cho,06-Oct-99,Male,Lexington,KY,25-Aug-19,Failed,Senior,81035,728,No,27
C000439,Joseph,White,02-Oct-97,Male,Pittsburgh,PA,23-May-17,Failed,Senior,225881,697,No,29
C000477,Hui,Baker,07-May-69,Male,New York,NY,21-Mar-22,Failed,Retail,169133,842,No,57
C000481,Donald,Thomas,02-Nov-91,Male,Austin,TX,30-Oct-22,Failed,Business,272693,789,No,35
C000490,Donald,Park,16-Apr-81,Male,Minneapolis,MN,06-Oct-10,Failed,Senior,59933,668,No,45
C000497,Dorothy,Flores,29-May-65,Male,Oklahoma City,OK,15-Dec-23,Failed,Business,139550,521,No,61
C000001,Steven,Davis,21-Jul-81,Male,Memphis,TN,08-May-18,Verified,Retail,286275,824,Yes,45
C000002,Brenda,Taylor,20-Apr-80,Male,Albuquerque,NM,13-Jul-19,Pending,Student,216509,749,Yes,46
C000012,Alexander,Smith,13-Feb-75,Male,Memphis,TN,11-Jan-12,Verified,Senior,291127,769,Yes,51
C000015,Donald,Mbeki,07-Feb-90,Male,Chicago,IL,05-Jul-22,Verified,Senior,50158,758,Yes,36
C000018,Ryan,Wu,04-Nov-60,Male,Nashville,TN,14-Aug-21,Pending,Student,265386,591,Yes,66
C000028,Ryan,Wilson,14-Aug-99,Male,Mesa,AZ,29-Nov-23,Partial,Retail,149146,589,Yes,27
C000030,Melissa,Kim,20-Feb-67,Male,San Antonio,TX,31-May-16,Partial,Student,227936,671,Yes,59
C000032,Linda,Torres,07-Mar-70,Male,Portland,OR,26-Jul-23,Partial,Premium,175959,612,Yes,56
C000036,Amit,Gonzalez,16-Sep-88,Male,Tucson,AZ,23-Jun-20,Verified,Senior,92030,656,Yes,38
C000037,Jessica,Mensah,16-Oct-61,Male,Jacksonville,FL,27-Jul-11,Verified,Business,286631,620,Yes,65
C000041,Benjamin,Mbeki,27-Mar-59,Male,New Orleans,LA,19-Feb-17,Partial,Retail,162440,780,Yes,67
C000049,Amy,Taylor,07-Jul-68,Male,Tampa,FL,09-Aug-22,Pending,Business,87662,677,Yes,58
C000052,Lei,Green,15-Nov-64,Male,Albuquerque,NM,28-May-17,Partial,Senior,212499,654,Yes,62
C000057,Hui,Green,24-Aug-85,Male,Dallas,TX,05-Dec-21,Pending,Retail,177693,594,Yes,41
C000062,Ethan,Sharma,13-Sep-86,Male,Portland,OR,26-May-15,Verified,Student,96857,588,Yes,40
C000064,Rahul,Nguyen,09-Jun-74,Male,Kansas City,MO,15-Nov-20,Verified,Business,209245,812,Yes,52
C000069,Samantha,Flores,19-Jul-88,Male,Omaha,NE,14-Dec-10,Partial,Student,76963,653,Yes,38
C000070,Jacob,Perez,06-Feb-76,Male,Kansas City,MO,12-Apr-22,Verified,Wealth,116918,610,Yes,50
C000075,Emma,Hill,06-Jan-94,Male,Anchorage,AK,24-Feb-22,Verified,Senior,195182,793,Yes,32
C000077,Shirley,Torres,16-Feb-86,Male,Honolulu,HI,09-Feb-16,Verified,Senior,114426,705,Yes,40
C000078,James,White,08-Feb-90,Male,Corpus Christi,TX,23-Oct-19,Verified,Premium,26908,849,Yes,36
C000079,Jonathan,Young,18-May-71,Male,Honolulu,HI,02-Apr-12,Partial,Business,52399,798,Yes,55
C000082,Lei,Chen,18-Mar-91,Male,St. Louis,MO,26-Jun-22,Verified,Business,192071,833,Yes,35
C000083,Betty,Thompson,14-May-77,Male,Philadelphia,PA,19-Nov-18,Pending,Business,229108,749,Yes,49
C000086,Samantha,Campbell,28-Oct-56,Male,Austin,TX,23-May-22,Verified,Student,204449,617,Yes,70
C000097,Christopher,Green,09-Mar-57,Male,New York,NY,16-Jul-10,Verified,Student,171744,547,Yes,69
C000105,Yan,King,06-May-61,Male,Oklahoma City,OK,13-May-15,Pending,Senior,261971,661,Yes,65
C000112,Charles,Koné,25-Aug-71,Male,Virginia Beach,VA,08-Nov-23,Verified,Premium,64690,778,Yes,55
C000117,Jerry,Hill,11-Jun-93,Male,St. Louis,MO,14-Mar-16,Verified,Wealth,271215,504,Yes,33
C000120,Alexander,Kang,06-Jun-67,Male,Indianapolis,IN,20-Mar-18,Pending,Retail,90652,735,Yes,59
C000121,Daniel,Jung,20-Mar-00,Male,Dallas,TX,23-Dec-23,Partial,Senior,80360,826,Yes,26
C000132,Paul,Carter,27-Aug-57,Male,Boston,MA,19-Apr-17,Verified,Student,92805,636,Yes,69
C000146,Pooja,Garcia,04-Jun-67,Male,Honolulu,HI,04-Jul-18,Verified,Business,210284,740,Yes,59
C000149,Nicholas,Singh,18-Jan-91,Male,Charlotte,NC,11-Sep-12,Verified,Business,35466,811,Yes,35
C000150,Debra,Williams,01-Jun-94,Male,St. Louis,MO,17-Oct-16,Pending,Senior,136032,704,Yes,32
C000167,Alexander,Li,12-Sep-61,Male,Charlotte,NC,11-Apr-12,Partial,Senior,50872,841,Yes,65
C000171,Donald,Li,21-Jun-00,Male,New York,NY,23-Dec-23,Partial,Retail,44975,712,Yes,26
C000174,Charles,Liu,14-Mar-73,Male,Honolulu,HI,04-Sep-22,Partial,Wealth,133864,774,Yes,53
C000176,Xiao,Traoré,12-Nov-92,Male,Mesa,AZ,02-Oct-20,Partial,Senior,51290,756,Yes,34
C000178,Ronald,Rivera,11-Apr-61,Male,Anchorage,AK,03-Jul-23,Pending,Retail,241896,547,Yes,65
C000193,Amit,Baker,28-Dec-73,Male,El Paso,TX,28-Mar-22,Partial,Student,288863,513,Yes,53
C000200,Nancy,Traoré,12-Aug-76,Male,Omaha,NE,09-Dec-21,Verified,Retail,38520,725,Yes,50
C000203,Divya,Kang,15-Nov-00,Male,Anchorage,AK,23-Dec-23,Pending,Wealth,133188,561,Yes,26
C000205,Wei,Flores,18-Oct-75,Male,Las Vegas,NV,27-Jan-17,Partial,Business,229793,646,Yes,51
C000208,Matthew,Okonkwo,09-Mar-75,Male,Fort Worth,TX,15-May-20,Pending,Wealth,252735,827,Yes,51
C000216,Jeffrey,Wilson,02-Nov-88,Male,Seattle,WA,29-Mar-10,Partial,Student,136705,647,Yes,38
C000218,Mark,Williams,05-May-60,Male,Tampa,FL,06-Jan-12,Partial,Student,119608,568,Yes,66
C000225,Isabella,Sow,27-Apr-77,Male,Las Vegas,NV,01-Nov-18,Partial,Student,221350,585,Yes,49
C000235,Divya,Wilson,12-Mar-62,Male,El Paso,TX,20-Dec-13,Partial,Senior,64954,641,Yes,64
C000238,Rebecca,Cho,24-Jun-62,Male,Louisville,KY,21-Jan-17,Verified,Wealth,44665,600,Yes,64
C000242,Justin,Cho,04-Feb-55,Male,Tucson,AZ,31-Jan-23,Partial,Business,189000,706,Yes,71
C000248,Jerry,Lee,10-Sep-69,Male,Tucson,AZ,29-May-23,Verified,Premium,38208,668,Yes,57
C000259,Catherine,Hall,01-Jan-85,Male,Austin,TX,04-Jun-17,Pending,Retail,207277,645,Yes,41
C000262,Jonathan,Lim,24-Feb-76,Male,St. Louis,MO,27-Oct-23,Verified,Retail,183937,690,Yes,50
C000268,Betty,Green,07-Nov-96,Male,Tucson,AZ,05-Dec-14,Partial,Business,53779,727,Yes,30
C000269,Gregory,Adesanya,29-Jan-57,Male,San Antonio,TX,26-Aug-17,Pending,Student,178904,685,Yes,69
C000270,Dennis,Clark,31-Mar-86,Male,Nashville,TN,23-Jul-15,Pending,Retail,102736,731,Yes,40
C000278,Katherine,Wilson,11-Apr-57,Male,Pittsburgh,PA,09-Sep-17,Verified,Business,122315,518,Yes,69
C000283,Nicholas,Moore,16-Jul-57,Male,Tampa,FL,27-Sep-12,Pending,Senior,292718,659,Yes,69
C000287,William,Scott,09-Jul-70,Male,Austin,TX,23-Jan-15,Pending,Retail,159123,629,Yes,56
C000288,Eric,Zhao,07-May-94,Male,Dallas,TX,05-May-23,Pending,Student,292842,796,Yes,32
C000291,Scott,Garcia,29-Aug-69,Male,Seattle,WA,03-Apr-14,Verified,Retail,235667,739,Yes,57
C000292,Timothy,Lee,04-Feb-66,Male,Phoenix,AZ,22-Jun-10,Partial,Senior,269392,678,Yes,60
C000293,Noah,Torres,03-May-55,Male,Fort Worth,TX,08-Feb-18,Verified,Premium,276126,650,Yes,71
C000295,Lisa,White,15-May-65,Male,Las Vegas,NV,16-Jul-23,Verified,Student,83668,780,Yes,61
C000297,Brenda,Hall,30-Apr-71,Male,Charlotte,NC,08-Apr-19,Pending,Retail,205768,845,Yes,55
C000299,Yan,Flores,04-Apr-70,Male,Tampa,FL,24-Mar-10,Pending,Wealth,292744,585,Yes,56
C000303,Jennifer,Miller,05-Jul-67,Male,Virginia Beach,VA,24-Jan-12,Pending,Student,160491,837,Yes,59
C000306,Edward,Clark,13-Mar-65,Male,Oklahoma City,OK,04-Apr-18,Partial,Premium,133100,716,Yes,61
C000308,Aiden,Martin,02-Jun-69,Male,Omaha,NE,10-Aug-21,Pending,Premium,161807,655,Yes,57
C000314,Aiden,Zhang,23-Jun-95,Male,Corpus Christi,TX,13-Jan-17,Pending,Student,123265,583,Yes,31
C000315,Arjun,Traoré,30-Oct-73,Male,Minneapolis,MN,03-Sep-10,Pending,Business,134956,530,Yes,53
C000317,Nicole,Wu,12-Nov-59,Male,Omaha,NE,09-Sep-19,Partial,Retail,60071,819,Yes,67
C000325,Liam,Choi,30-Jul-68,Male,Denver,CO,01-Nov-10,Verified,Student,57764,693,Yes,58
C000327,Katherine,Campbell,09-Mar-60,Male,Memphis,TN,13-Nov-16,Partial,Retail,101839,802,Yes,66
C000333,Mason,Ramirez,29-Jun-94,Male,Dallas,TX,16-Oct-14,Pending,Student,78551,682,Yes,32
C000334,Timothy,Scott,27-Aug-71,Male,Las Vegas,NV,11-Oct-11,Pending,Retail,125584,688,Yes,55
C000341,Barbara,Koné,04-Feb-95,Male,Phoenix,AZ,25-Feb-19,Partial,Student,278230,630,Yes,31
C000348,Arjun,Osei,14-Feb-64,Male,Nashville,TN,27-Nov-22,Partial,Student,130028,648,Yes,62
C000350,Christopher,Campbell,10-Jun-73,Male,Charlotte,NC,26-Sep-16,Verified,Business,191487,663,Yes,53
C000353,Michelle,Allen,16-Mar-81,Male,Kansas City,MO,06-Aug-20,Pending,Student,25832,724,Yes,45
C000362,Michelle,Singh,04-Jan-78,Male,Corpus Christi,TX,10-Apr-21,Partial,Wealth,48236,560,Yes,48
C000364,Gary,Sanchez,07-Sep-92,Male,Minneapolis,MN,24-Jan-18,Partial,Business,119758,726,Yes,34
C000372,Anthony,Yoon,10-Dec-96,Male,Las Vegas,NV,07-Sep-16,Verified,Retail,194528,547,Yes,30
C000374,Stephen,Harris,06-Dec-86,Male,Columbus,OH,25-Dec-22,Partial,Senior,98366,726,Yes,40
C000377,Ava,Wilson,12-Apr-91,Male,Colorado Springs,CO,06-May-12,Partial,Student,208300,573,Yes,35
C000379,Lisa,Rodriguez,15-Nov-88,Male,Phoenix,AZ,05-Oct-23,Partial,Premium,131054,587,Yes,38
C000380,Elizabeth,Mensah,21-Feb-91,Male,Philadelphia,PA,06-Sep-23,Pending,Business,107052,713,Yes,35
C000387,Maria,Wright,20-May-80,Male,Virginia Beach,VA,06-Jul-15,Verified,Student,113706,506,Yes,46
C000389,Dennis,Taylor,27-Dec-59,Male,Tucson,AZ,12-Oct-11,Partial,Business,27057,640,Yes,67
C000390,Donna,Miller,07-Dec-56,Male,Seattle,WA,16-Dec-10,Verified,Retail,228991,607,Yes,70
C000397,Maria,Green,01-Jun-87,Male,Philadelphia,PA,13-Nov-19,Verified,Wealth,220922,571,Yes,39
C000401,Karen,Perez,25-Feb-61,Male,Milwaukee,WI,06-Sep-18,Partial,Premium,261133,591,Yes,65
C000407,Catherine,Gupta,28-May-93,Male,Las Vegas,NV,01-Oct-16,Pending,Business,162435,821,Yes,33
C000409,Amy,Mbeki,17-Sep-71,Male,Virginia Beach,VA,13-Oct-22,Pending,Student,273248,782,Yes,55
C000413,Jacob,Okonkwo,08-Feb-65,Male,Pittsburgh,PA,14-Jan-17,Partial,Business,197626,621,Yes,61
C000421,Mark,Nair,01-Jul-70,Male,Seattle,WA,06-May-12,Verified,Student,81509,792,Yes,56
C000435,Ethan,Liu,06-Oct-61,Male,Atlanta,GA,09-May-22,Partial,Retail,104196,738,Yes,65
C000437,Yan,Zhao,04-Nov-67,Male,Chicago,IL,06-Aug-20,Partial,Premium,157204,506,Yes,59
C000441,Xiao,White,10-Feb-98,Male,Minneapolis,MN,04-Dec-16,Partial,Retail,43040,764,Yes,28
C000443,Brenda,Lee,09-May-96,Male,Omaha,NE,23-Dec-14,Verified,Retail,98634,598,Yes,30
C000444,Joshua,Singh,11-Jun-97,Male,Pittsburgh,PA,14-Oct-17,Pending,Premium,54417,833,Yes,29
C000446,Thomas,Chen,04-May-99,Male,New Orleans,LA,23-Dec-23,Verified,Retail,70756,700,Yes,27
C000447,Jessica,Ramirez,29-Mar-91,Male,Chicago,IL,28-Oct-16,Verified,Student,254333,543,Yes,35
C000451,Jerry,Johnson,18-Jul-66,Male,Minneapolis,MN,17-Jan-15,Verified,Retail,156275,630,Yes,60
C000454,Laura,Lim,10-Apr-89,Male,Columbus,OH,06-Sep-17,Pending,Student,83192,608,Yes,37
C000455,Christopher,Martin,21-Mar-63,Male,Lexington,KY,24-May-12,Verified,Student,278866,710,Yes,63
C000470,Hui,Jones,24-May-97,Male,New Orleans,LA,24-Nov-23,Partial,Wealth,117340,810,Yes,29
C000473,Samantha,Kim,30-Aug-71,Male,Houston,TX,12-Dec-18,Partial,Senior,138577,641,Yes,55
C000475,Dennis,Thomas,08-Sep-91,Male,Anchorage,AK,17-Jul-11,Pending,Business,248977,764,Yes,35
C000476,Scott,Mehta,28-Jul-97,Male,Portland,OR,14-Apr-17,Pending,Wealth,97804,696,Yes,29
C000482,Barbara,Scott,02-Jun-86,Male,Omaha,NE,24-Feb-10,Partial,Senior,170803,635,Yes,40
C000483,Karen,Sanchez,06-May-67,Male,Austin,TX,13-Jan-19,Pending,Business,138667,778,Yes,59
C000485,Lisa,Rivera,28-Dec-63,Male,Jacksonville,FL,08-Jul-15,Pending,Premium,272016,840,Yes,63
C000487,Sarah,Lee,11-Apr-70,Male,Boston,MA,10-Mar-15,Pending,Retail,84949,644,Yes,56
C000494,Melissa,Carter,05-Feb-67,Male,Mesa,AZ,21-Feb-22,Partial,Business,59587,519,Yes,59
