loan_id,customer_id,branch_id,loan_type,principal_amount,interest_rate,tenure_months,disbursement_date,maturity_date,emi_amount,outstanding_balance,loan_status,purpose
L000003,C000243,BR030,Personal,66544.7,5.96,12,28-Jan-22,28-Jan-23,5726.04,0,Closed,Personal
L000004,C000349,BR021,Credit Builder,91791.57,7.13,24,06-Jul-23,06-Jul-25,4115.16,0,Closed,Debt Consolidation
L000005,C000151,BR013,Personal,211773.1,8.58,12,05-Oct-20,05-Oct-21,18478.65,0,Closed,Debt Consolidation
L000009,C000230,BR019,Education,317821.04,7.86,120,02-Sep-20,02-Sep-30,3832.58,0,Closed,Education
L000016,C000224,BR040,Home,220071.72,17.38,36,23-Dec-21,23-Dec-24,7887.84,0,Closed,Home Purchase
L000019,C000300,BR017,Home,309171.73,10.27,36,09-May-23,09-May-26,10015.34,0,Closed,Home Purchase
L000025,C000359,BR032,Personal,176128.14,16.55,12,12-Dec-23,12-Dec-24,16026.13,0,Closed,Debt Consolidation
L000026,C000371,BR010,Business,126386.94,7.47,84,05-Dec-21,05-Dec-28,1936.69,0,Closed,Business Expansion
L000027,C000312,BR030,Auto,69024.77,16.37,60,01-Sep-22,01-Sep-27,1692.15,0,Closed,Vehicle
L000028,C000304,BR031,Business,44021.52,18.42,48,21-Oct-21,21-Oct-25,1302.81,0,Closed,Business Expansion
L000029,C000096,BR021,Credit Builder,380144.17,15.69,240,17-Jul-23,17-Jul-43,5200.56,0,Closed,Personal
L000030,C000148,BR017,Education,175716.2,12.88,360,23-Apr-23,23-Apr-53,1927.3,0,Closed,Education
L000039,C000154,BR024,Education,397342.1,16.87,360,29-Jul-20,29-Jul-50,5622.89,0,Closed,Education
L000043,C000420,BR038,Auto,101315.89,10.38,24,30-Dec-20,30-Dec-22,4693,0,Closed,Vehicle
L000045,C000496,BR011,Auto,32284.19,5.96,360,22-Feb-23,22-Feb-53,192.73,0,Closed,Vehicle
L000058,C000446,BR040,Business,24929.13,10.39,36,23-Dec-23,23-Dec-26,808.97,0,Closed,Business Expansion
L000060,C000326,BR004,Education,164504.49,7.89,36,24-Apr-23,24-Apr-26,5146.63,0,Closed,Education
L000076,C000071,BR024,Auto,175457.28,18.03,36,03-Aug-22,03-Aug-25,6345.84,0,Closed,Vehicle
L000078,C000462,BR035,Auto,181899.6,9.54,240,24-Oct-23,24-Oct-43,1700.3,0,Closed,Vehicle
L000086,C000357,BR015,Auto,313324.77,15.07,84,11-Jul-22,11-Jul-29,6058.46,0,Closed,Vehicle
L000091,C000385,BR026,Auto,34811.91,4.49,240,06-Jul-21,06-Jul-41,220.05,0,Closed,Vehicle
L000092,C000280,BR025,Home,176109.52,7.33,120,19-May-21,19-May-31,2074.86,0,Closed,Home Purchase
L000097,C000190,BR033,Credit Builder,103951.02,11.52,24,09-Jul-20,09-Jul-22,4870.07,0,Closed,Debt Consolidation
L000098,C000434,BR017,Auto,51690.91,13.75,48,19-May-21,19-May-25,1406.06,0,Closed,Vehicle
L000099,C000012,BR015,Education,256556.41,5.6,360,20-Apr-20,20-Apr-50,1472.84,0,Closed,Education
L000105,C000380,BR027,Education,143664.26,8.38,180,06-Sep-23,06-Sep-38,1404.63,0,Closed,Education
L000106,C000491,BR027,Auto,361638.57,10.68,240,25-Sep-23,25-Sep-43,3654.36,0,Closed,Vehicle
L000108,C000463,BR039,Personal,90567.67,13.38,60,26-May-23,26-May-28,2078.35,0,Closed,Personal
L000113,C000214,BR023,Credit Builder,335965.71,17.67,12,23-Dec-23,23-Dec-24,30748.59,0,Closed,Personal
L000116,C000079,BR007,Credit Builder,95204.49,15.19,60,08-Dec-23,08-Dec-28,2274.41,0,Closed,Debt Consolidation
L000124,C000257,BR027,Education,461688.17,17.54,12,24-Dec-20,24-Dec-21,42226.56,0,Closed,Education
L000125,C000307,BR011,Credit Builder,278148.76,7.09,360,20-Mar-21,20-Mar-51,1867.37,0,Closed,Personal
L000135,C000309,BR036,Business,44673.92,15.55,12,17-Jul-20,17-Jul-21,4043.8,0,Closed,Business Expansion
L000139,C000222,BR029,Home,380180.4,13.06,12,16-Apr-23,16-Apr-24,33967.38,0,Closed,Home Purchase
L000143,C000454,BR032,Personal,417702.07,16.79,12,11-Jun-23,11-Jun-24,38054.8,0,Closed,Personal
L000148,C000008,BR040,Education,187822.19,5.91,12,12-Jun-22,12-Jun-23,16157.42,0,Closed,Education
L000151,C000239,BR035,Home,267905.06,18.22,36,23-Jun-23,23-Jun-26,9715,0,Closed,Home Purchase
L000156,C000348,BR023,Auto,414092,9.36,60,29-Jan-23,29-Jan-28,8668.4,0,Closed,Vehicle
L000157,C000029,BR010,Auto,377099.97,6.05,180,30-Jun-21,30-Jun-36,3192.38,0,Closed,Vehicle
L000161,C000082,BR023,Personal,117793.82,9.33,60,14-Sep-22,14-Sep-27,2464.11,0,Closed,Personal
L000175,C000166,BR016,Personal,142575.11,16.47,24,23-Jan-23,23-Jan-25,7012.98,0,Closed,Debt Consolidation
L000176,C000474,BR003,Education,420738.12,5.75,60,13-May-23,13-May-28,8085.23,0,Closed,Education
L000179,C000300,BR019,Home,266588.4,10.47,240,28-Aug-21,28-Aug-41,2656.19,0,Closed,Home Purchase
L000180,C000304,BR014,Credit Builder,420028.74,14.46,240,06-Sep-20,06-Sep-40,5364.05,0,Closed,Debt Consolidation
L000182,C000431,BR023,Business,417654.35,9.74,36,19-Mar-22,19-Mar-25,13425.61,0,Closed,Business Expansion
L000190,C000247,BR003,Education,177631.72,17.12,36,04-Nov-22,04-Nov-25,6343.67,0,Closed,Education
L000198,C000243,BR032,Personal,208078.54,14.59,12,18-Jul-22,18-Jul-23,18740.59,0,Closed,Debt Consolidation
L000200,C000193,BR003,Credit Builder,82207.92,11.14,240,23-Feb-23,23-Feb-43,856.39,0,Closed,Personal
L000202,C000489,BR029,Auto,383215.44,10.91,360,23-May-23,23-May-53,3623.41,0,Closed,Vehicle
L000206,C000144,BR040,Education,281012.03,10.77,36,27-Jul-22,27-Jul-25,9169.4,0,Closed,Education
L000208,C000238,BR021,Business,449123.31,8.85,360,07-Apr-23,07-Apr-53,3565.38,0,Closed,Business Expansion
L000209,C000482,BR020,Credit Builder,36017.7,14.72,12,02-Mar-20,02-Mar-21,3246.14,0,Closed,Personal
L000217,C000325,BR007,Auto,315170.84,11.29,240,14-Nov-23,14-Nov-43,3315.59,0,Closed,Vehicle
L000218,C000289,BR008,Personal,414336.65,4.76,120,26-Jun-20,26-Jun-30,4346.24,0,Closed,Personal
L000224,C000313,BR028,Education,395476.78,10.06,180,28-Aug-23,28-Aug-38,4264.34,0,Closed,Education
L000226,C000280,BR016,Personal,362248.62,16.66,60,12-Nov-22,12-Nov-27,8936.72,0,Closed,Personal
L000227,C000493,BR014,Education,290225.95,17.26,36,14-Dec-20,14-Dec-23,10384.94,0,Closed,Education
L000229,C000161,BR026,Home,323528.26,15.78,24,22-Mar-21,22-Mar-23,15806.96,0,Closed,Home Purchase
L000230,C000007,BR003,Home,137795.22,12.93,120,03-Apr-23,03-Apr-33,2051.75,0,Closed,Home Purchase
L000240,C000366,BR035,Credit Builder,360412.77,11.17,12,01-Nov-23,01-Nov-24,31882.46,0,Closed,Debt Consolidation
L000253,C000286,BR034,Education,368974.5,16.15,36,23-Dec-23,23-Dec-26,12999.39,0,Closed,Education
L000256,C000188,BR008,Credit Builder,175225.23,13.24,36,04-Apr-23,04-Apr-26,5924.31,0,Closed,Personal
L000276,C000295,BR024,Business,337697.12,5.37,12,16-Jul-23,16-Jul-24,28966.69,0,Closed,Business Expansion
L000281,C000155,BR038,Business,293903.05,15.72,120,06-Aug-21,06-Aug-31,4872.1,0,Closed,Business Expansion
L000289,C000086,BR016,Business,140736.07,14.79,120,12-Jul-22,12-Jul-32,2252.5,0,Closed,Business Expansion
L000298,C000117,BR010,Personal,209204.76,16,36,17-Jun-21,17-Jun-24,7355.02,0,Closed,Debt Consolidation
L000007,C000267,BR029,Personal,337989.43,4.57,36,22-Nov-23,22-Nov-26,10064.72,312801.16,Active,Personal
L000014,C000436,BR003,Education,345809.11,5.12,36,25-May-23,25-May-26,10382.85,295833.95,Active,Education
L000017,C000140,BR007,Personal,375188.24,12.95,180,10-Jan-21,10-Jan-36,4734.7,357132.29,Active,Debt Consolidation
L000020,C000101,BR008,Personal,291368.88,6.9,60,31-Jan-21,31-Jan-26,5755.72,268831.5,Active,Personal
L000024,C000162,BR002,Personal,45441.6,7.5,48,03-Jun-23,03-Jun-27,1098.73,43336.26,Active,Personal
L000040,C000435,BR022,Education,158832.84,8.81,240,25-Sep-22,25-Sep-42,1409.71,151191.98,Active,Education
L000044,C000157,BR024,Business,342894.72,18.06,240,03-Dec-21,03-Dec-41,5307.77,336153.19,Active,Business Expansion
L000047,C000250,BR040,Business,196087.24,16.14,120,01-Aug-23,01-Aug-33,3301.85,194187.23,Active,Business Expansion
L000051,C000183,BR031,Credit Builder,136284.49,11.61,180,04-Aug-21,04-Aug-36,1601.6,133074.22,Active,Debt Consolidation
L000053,C000178,BR018,Credit Builder,147223.25,4.24,120,03-Jul-23,03-Jul-33,1507.41,144588.11,Active,Debt Consolidation
L000054,C000336,BR031,Education,396754.27,6.62,360,07-Aug-23,07-Aug-53,2539.15,386981.34,Active,Education
L000056,C000243,BR034,Business,359207.47,10.73,84,25-Jul-23,25-Jul-30,6099.63,347837.56,Active,Business Expansion
L000062,C000135,BR005,Business,92311.25,14.52,240,03-Jan-22,03-Jan-42,1182.93,89432.69,Active,Business Expansion
L000063,C000129,BR013,Education,184255.5,11.74,72,03-Aug-20,03-Aug-26,3577.37,169200.51,Active,Education
L000064,C000154,BR010,Home,275904.25,13.5,120,27-Jun-23,27-Jun-33,4201.31,265313.05,Active,Home Purchase
L000068,C000351,BR017,Business,169425.5,4.06,360,01-Sep-21,01-Sep-51,814.73,167487.38,Active,Business Expansion
L000069,C000474,BR010,Business,382435.26,3.8,48,03-Jan-23,03-Jan-27,8600.84,367503.27,Active,Business Expansion
L000071,C000022,BR032,Education,484256.02,8.5,72,06-Aug-20,06-Aug-26,8609.29,450936.98,Active,Education
L000072,C000192,BR006,Auto,44734.45,8.67,72,22-Sep-20,22-Sep-26,799.06,42801.9,Active,Vehicle
L000073,C000445,BR022,Education,96086.41,9.37,240,23-Dec-23,23-Dec-43,887.51,95423.71,Active,Education
L000074,C000462,BR023,Auto,311841.76,17.03,240,11-Nov-21,11-Nov-41,4581.21,297483.97,Active,Vehicle
L000081,C000038,BR031,Credit Builder,90978.14,17.21,72,15-Sep-20,15-Sep-26,2034.59,64529.89,Active,Debt Consolidation
L000082,C000137,BR015,Auto,131387.84,14.06,48,17-Feb-22,17-Feb-26,3594.32,114764.77,Active,Vehicle
L000083,C000197,BR034,Credit Builder,219605.97,14.85,72,22-Jun-20,22-Jun-26,4625.7,181394.33,Active,Debt Consolidation
L000085,C000019,BR006,Personal,178662.96,12.85,36,27-Apr-23,27-Apr-26,6006.96,152417.44,Active,Personal
L000101,C000363,BR039,Personal,272122.15,13.93,360,20-Apr-23,20-Apr-53,3209.23,266427.2,Active,Debt Consolidation
L000103,C000398,BR039,Home,177207.78,8.41,180,07-Jun-20,07-Jun-35,1735.7,175044.21,Active,Home Purchase
L000109,C000303,BR016,Personal,315234.52,13.48,60,25-Jun-21,25-Jun-26,7250.25,296890.31,Active,Debt Consolidation
L000110,C000107,BR038,Business,321533.93,11.44,72,23-Oct-20,23-Oct-26,6192.81,271732.89,Active,Business Expansion
L000117,C000182,BR030,Credit Builder,37778.67,8.3,240,20-May-20,20-May-40,323.09,36580.13,Active,Debt Consolidation
L000120,C000308,BR007,Credit Builder,265168.86,3.99,84,30-Jan-23,30-Jan-30,3623.32,262809.72,Active,Debt Consolidation
L000121,C000230,BR033,Credit Builder,370694.85,15.66,240,25-May-22,25-May-42,5062.99,355712.09,Active,Personal
L000126,C000228,BR008,Education,126980.3,11.97,120,29-Jun-21,29-Jun-31,1819.6,123415.83,Active,Education
L000128,C000034,BR031,Business,218305.57,17.54,240,24-Aug-23,24-Aug-43,3292.06,211517.99,Active,Business Expansion
L000138,C000195,BR040,Home,52398.75,17,48,19-Dec-21,19-Dec-25,1511.97,50514.64,Active,Home Purchase
L000149,C000067,BR028,Education,169296.96,15.78,72,02-Aug-20,02-Aug-26,3651.89,160841.51,Active,Education
L000152,C000471,BR016,Business,128067.51,10.65,120,09-Apr-22,09-Apr-32,1738.85,123989.2,Active,Business Expansion
L000155,C000121,BR040,Education,402816.77,9.97,24,23-Dec-23,23-Dec-25,18582.37,353973.46,Active,Education
L000158,C000264,BR030,Business,268257.43,16.92,72,13-Jun-20,13-Jun-26,5955.72,241250.57,Active,Business Expansion
L000163,C000048,BR038,Auto,484137.79,15,240,24-Jan-20,24-Jan-40,6375.08,466505.87,Active,Vehicle
L000169,C000164,BR035,Business,56843.11,16.39,60,13-Nov-21,13-Nov-26,1394.12,46746.6,Active,Business Expansion
L000170,C000040,BR026,Home,138223.85,18.05,360,13-Jul-20,13-Jul-50,2088.79,131465.9,Active,Home Purchase
L000172,C000041,BR004,Education,214838.22,8.47,48,29-Sep-22,29-Sep-26,5292.36,156779.19,Active,Education
L000173,C000349,BR039,Personal,5568.58,6.45,84,06-Jul-23,06-Jul-30,82.56,5361.93,Active,Personal
L000174,C000233,BR017,Home,111988.59,7.49,180,21-Mar-22,21-Mar-37,1037.51,107321.37,Active,Home Purchase
L000178,C000033,BR024,Education,304946.31,14.31,60,21-Oct-23,21-Oct-28,7144.67,290970.23,Active,Education
L000185,C000292,BR012,Personal,32755.76,16.98,36,24-Nov-23,24-Nov-26,1167.51,29588.42,Active,Personal
L000187,C000118,BR019,Business,116967.24,16.58,36,30-Aug-23,30-Aug-26,4145.79,98803.96,Active,Business Expansion
L000195,C000456,BR013,Home,403130.24,11.92,48,19-Aug-23,19-Aug-27,10600.14,374646.01,Active,Home Purchase
L000211,C000113,BR021,Credit Builder,129510.41,10.79,48,17-Oct-23,17-Oct-27,3334.07,116884.83,Active,Personal
L000215,C000247,BR030,Business,46373.42,13.55,48,24-May-22,24-May-26,1256.78,35327.03,Active,Business Expansion
L000222,C000391,BR031,Home,361704.72,17.14,360,18-Jun-23,18-Jun-53,5197.86,355634.51,Active,Home Purchase
L000228,C000305,BR023,Auto,305211.7,5.82,360,08-Apr-23,08-Apr-53,1794.73,300777.45,Active,Vehicle
L000241,C000325,BR035,Personal,413486.66,16.28,180,15-Dec-23,15-Dec-38,6153.79,405420.77,Active,Debt Consolidation
L000244,C000358,BR032,Credit Builder,359614.64,13.37,72,18-Mar-20,18-Mar-26,7289.36,338062.63,Active,Personal
L000247,C000183,BR006,Credit Builder,51392.85,9.55,48,08-Jan-22,08-Jan-26,1292.38,45370.08,Active,Personal
L000258,C000344,BR031,Home,302682.2,7.34,120,03-Sep-21,03-Sep-31,3567.67,283937.19,Active,Home Purchase
L000260,C000163,BR013,Personal,457615.97,10.07,84,23-Jul-20,23-Jul-27,7613.53,438141.68,Active,Personal
L000263,C000350,BR037,Business,254213.63,5.26,60,24-Feb-21,24-Feb-26,4827.66,239248.37,Active,Business Expansion
L000266,C000063,BR017,Education,407104.33,5.31,60,20-Nov-21,20-Nov-26,7740.51,362293.28,Active,Education
L000275,C000070,BR006,Home,314605.6,15.28,36,14-Jun-23,14-Jun-26,10949.09,295099.66,Active,Home Purchase
L000282,C000389,BR011,Education,314120.55,14.37,84,10-Oct-21,10-Oct-28,5951.01,302198.34,Active,Education
L000288,C000436,BR033,Education,288405.3,13.12,72,23-Oct-20,23-Oct-26,5807.76,279028.15,Active,Education
L000292,C000453,BR010,Education,357089.55,12.52,60,29-Jun-22,29-Jun-27,8037.41,321022.67,Active,Education
L000299,C000220,BR011,Education,100027.5,3.6,24,24-Dec-23,24-Dec-25,4325.9,88911.04,Active,Education
L000002,C000266,BR010,Credit Builder,204664.32,15.4,360,14-Oct-21,14-Oct-51,2653.45,201416.06,In Arrears,Personal
L000010,C000071,BR031,Credit Builder,78731.98,4.42,84,01-May-23,01-May-30,1091.46,76629.26,In Arrears,Debt Consolidation
L000011,C000105,BR003,Education,87008.98,17.42,12,28-Nov-21,28-Nov-22,7952.99,72066.31,In Arrears,Education
L000012,C000130,BR024,Credit Builder,210028.44,12.63,84,03-May-23,03-May-30,3778.71,203109.52,In Arrears,Personal
L000015,C000401,BR001,Personal,353295.18,8.91,240,03-Dec-23,03-Dec-43,3158.27,347274.73,In Arrears,Debt Consolidation
L000022,C000126,BR017,Education,24950.84,10.43,360,18-Mar-23,18-Mar-53,226.93,24080.61,In Arrears,Education
L000031,C000446,BR032,Credit Builder,358620.32,4.52,180,23-Dec-23,23-Dec-38,2747.09,349663.06,In Arrears,Debt Consolidation
L000032,C000386,BR005,Credit Builder,149362.75,10.81,60,08-Nov-20,08-Nov-25,3233.37,144851.4,In Arrears,Personal
L000034,C000350,BR014,Credit Builder,493696.15,9.7,48,24-Sep-23,24-Sep-27,12450.4,470735.37,In Arrears,Debt Consolidation
L000041,C000446,BR032,Home,219880.86,5.09,36,23-Dec-23,23-Dec-26,6598.92,210985.97,In Arrears,Home Purchase
L000055,C000480,BR026,Education,76980.37,17.68,84,16-Mar-23,16-Mar-30,1603.55,69954.65,In Arrears,Education
L000059,C000092,BR015,Home,224004.41,7.74,180,18-Mar-23,18-Mar-38,2107.22,214249.78,In Arrears,Home Purchase
L000065,C000238,BR016,Auto,210518.73,8.17,12,26-Sep-22,26-Sep-23,18329.24,188741.27,In Arrears,Vehicle
L000077,C000446,BR031,Business,284574.68,11.01,360,23-Dec-23,23-Dec-53,2712.22,279544.88,In Arrears,Business Expansion
L000079,C000023,BR032,Business,270434.69,8.07,360,30-Oct-22,30-Oct-52,1997.57,262983.93,In Arrears,Business Expansion
L000080,C000470,BR029,Business,259492.62,13.58,180,24-Nov-23,24-Nov-38,3382.86,257305.61,In Arrears,Business Expansion
L000087,C000035,BR005,Business,143353.64,15.46,120,23-Dec-23,23-Dec-33,2353.34,141868.9,In Arrears,Business Expansion
L000089,C000396,BR012,Personal,101595.89,18.27,48,04-Dec-21,04-Dec-25,2998.73,92041.73,In Arrears,Debt Consolidation
L000093,C000345,BR025,Credit Builder,129656.77,13.34,12,11-Jun-20,11-Jun-21,11601.28,92594.91,In Arrears,Debt Consolidation
L000094,C000423,BR034,Personal,237198.76,12.69,180,18-May-23,18-May-38,2952.92,227238.42,In Arrears,Personal
L000102,C000254,BR002,Education,429366.91,18.29,48,05-Mar-23,05-Mar-27,12677.81,420209.59,In Arrears,Education
L000111,C000249,BR006,Auto,154814.11,13.63,180,10-Mar-22,10-Mar-37,2023.38,152106.71,In Arrears,Vehicle
L000115,C000119,BR034,Personal,385112.74,11.44,180,19-Jun-22,19-Jun-37,4484.17,378689.88,In Arrears,Personal
L000118,C000403,BR033,Auto,281263.91,10.36,240,04-Aug-22,04-Aug-42,2781.68,274831.88,In Arrears,Vehicle
L000130,C000363,BR023,Home,333856.97,17.65,180,09-Jan-21,09-Jan-36,5292.65,320864.33,In Arrears,Home Purchase
L000131,C000493,BR001,Auto,212272.04,5.04,36,10-Oct-23,10-Oct-26,6365.8,175504.66,In Arrears,Vehicle
L000132,C000425,BR036,Home,441899.21,4.15,84,30-May-20,30-May-27,6070.79,429785.58,In Arrears,Home Purchase
L000133,C000274,BR032,Home,459348.34,15.99,360,01-Jan-21,01-Jan-51,6173.42,446378.17,In Arrears,Home Purchase
L000134,C000331,BR036,Auto,117965.95,6.84,48,09-May-23,09-May-27,2816.09,105123.95,In Arrears,Vehicle
L000136,C000369,BR033,Education,287994.65,15.15,12,17-Dec-20,17-Dec-21,26014.3,238141.64,In Arrears,Education
L000137,C000402,BR005,Credit Builder,64840.97,4.82,48,20-Apr-21,20-Apr-25,1487.96,61875.47,In Arrears,Debt Consolidation
L000142,C000125,BR038,Personal,459363.07,9.23,120,16-Apr-22,16-Apr-32,5876.35,444067.42,In Arrears,Personal
L000145,C000079,BR013,Credit Builder,441983.79,10.62,84,02-Nov-21,02-Nov-28,7479.82,432658.47,In Arrears,Debt Consolidation
L000154,C000399,BR012,Education,230828.08,4.78,36,02-May-23,02-May-26,6895.35,218096.73,In Arrears,Education
L000159,C000417,BR001,Personal,79829.42,9.16,84,20-Oct-23,20-Oct-30,1290.87,77263.94,In Arrears,Personal
L000160,C000326,BR033,Auto,304868.52,5.53,36,10-Feb-23,10-Feb-26,9209.91,292110.33,In Arrears,Vehicle
L000166,C000255,BR038,Home,370335.98,4.09,240,27-Mar-23,27-Mar-43,2261.76,363125.99,In Arrears,Home Purchase
L000167,C000282,BR009,Credit Builder,160131.01,13.86,48,27-May-21,27-May-25,4364.58,154445.01,In Arrears,Debt Consolidation
L000171,C000199,BR001,Home,301705.02,8.37,240,17-Apr-23,17-Apr-43,2593.5,293824.32,In Arrears,Home Purchase
L000177,C000284,BR039,Auto,111258.93,13.73,180,14-Aug-22,14-Aug-37,1461.55,107366.84,In Arrears,Vehicle
L000183,C000441,BR022,Auto,473036.34,6.09,240,20-May-21,20-May-41,3413.59,470805.82,In Arrears,Vehicle
L000186,C000175,BR001,Auto,178223.73,13.35,24,05-Oct-22,05-Oct-24,8502.41,157956.6,In Arrears,Vehicle
L000188,C000140,BR027,Education,416172.57,13.59,48,25-Aug-20,25-Aug-24,11287.12,402016.99,In Arrears,Education
L000189,C000415,BR001,Business,376236.96,5.42,48,21-Sep-23,21-Sep-27,8736.23,366142.05,In Arrears,Business Expansion
L000192,C000473,BR021,Personal,318808.4,10.26,60,16-Oct-20,16-Oct-25,6814.59,296885.6,In Arrears,Personal
L000194,C000321,BR019,Business,230034.27,14.53,240,19-Oct-21,19-Oct-41,2949.49,226354.37,In Arrears,Business Expansion
L000196,C000290,BR025,Education,12025.2,13.97,360,16-Feb-20,16-Feb-50,142.2,11665.32,In Arrears,Education
L000197,C000271,BR027,Credit Builder,40324.83,6.72,180,29-Jun-22,29-Jun-37,356.17,40098.11,In Arrears,Personal
L000201,C000318,BR035,Home,316897.23,15.79,24,04-May-22,04-May-24,15484.5,296393.21,In Arrears,Home Purchase
L000207,C000412,BR029,Business,392909.81,11.64,360,07-Jul-21,07-Jul-51,3932.98,390210.1,In Arrears,Business Expansion
L000210,C000363,BR034,Personal,11464.14,4.19,12,26-Dec-23,26-Dec-24,977.17,8878.43,In Arrears,Debt Consolidation
L000216,C000257,BR003,Personal,350458.49,10.67,48,29-Aug-21,29-Aug-25,9001.72,309687.98,In Arrears,Debt Consolidation
L000223,C000416,BR033,Home,103867.96,6.72,60,02-Jun-23,02-Jun-28,2043.02,97042.05,In Arrears,Home Purchase
L000225,C000142,BR035,Home,264118,8.23,48,25-Apr-21,25-Apr-25,6476.45,255618.62,In Arrears,Home Purchase
L000231,C000025,BR001,Business,438924.31,9.77,48,28-Mar-23,28-Mar-27,11083.84,395376.14,In Arrears,Business Expansion
L000232,C000386,BR005,Auto,396800.86,16.63,180,25-May-23,25-May-38,6003.03,382120.43,In Arrears,Vehicle
L000233,C000017,BR004,Auto,52229.91,5.7,360,23-May-23,23-May-53,303.14,51614.93,In Arrears,Vehicle
L000234,C000009,BR011,Education,56475.08,7.64,240,10-Jul-22,10-Jul-42,459.81,55554.26,In Arrears,Education
L000236,C000108,BR028,Education,313518.86,9.88,48,31-Dec-22,31-Dec-26,7933.59,277880.54,In Arrears,Education
L000238,C000075,BR009,Home,483034.98,8.66,24,02-Sep-22,02-Sep-24,21992.05,438946.75,In Arrears,Home Purchase
L000242,C000317,BR040,Education,139150.41,14.09,120,05-Dec-23,05-Dec-33,2168.08,133526.34,In Arrears,Education
L000245,C000083,BR009,Home,210532.9,17.41,36,22-Sep-22,22-Sep-25,7549.1,200658.63,In Arrears,Home Purchase
L000246,C000139,BR030,Home,403738.08,11.31,240,27-Aug-21,27-Aug-41,4252.85,383861.37,In Arrears,Home Purchase
L000248,C000060,BR009,Business,485653.96,5.66,36,25-Sep-20,25-Sep-23,14699.83,457240.64,In Arrears,Business Expansion
L000252,C000192,BR032,Education,120770.18,17.61,180,25-Jan-22,25-Jan-37,1911.12,117351.95,In Arrears,Education
L000257,C000177,BR030,Personal,199402.02,9.21,12,09-Apr-23,09-Apr-24,17457.43,199402.02,In Arrears,Personal
L000259,C000437,BR011,Business,466401.48,7.45,36,29-Jun-22,29-Jun-25,14497.28,449058.09,In Arrears,Business Expansion
L000265,C000413,BR019,Business,450067.69,3.83,180,09-Nov-20,09-Nov-35,3290.88,445608.76,In Arrears,Business Expansion
L000267,C000143,BR006,Home,85660.16,7.81,12,27-Jul-23,27-Jul-24,7443.92,53954.17,In Arrears,Home Purchase
L000269,C000281,BR039,Education,334504,13.93,48,20-Jan-20,20-Jan-24,9129.07,322433.41,In Arrears,Education
L000270,C000238,BR028,Auto,234658.98,5.72,48,28-May-20,28-May-24,5480.9,220106.08,In Arrears,Vehicle
L000271,C000116,BR011,Credit Builder,288870.42,14.17,24,17-Oct-20,17-Oct-22,13892.71,252106.98,In Arrears,Personal
L000272,C000197,BR039,Personal,289958.09,6.04,360,16-Jan-20,16-Jan-50,1745.91,283705.79,In Arrears,Personal
L000273,C000466,BR001,Personal,450892.38,6.1,36,13-Jun-23,13-Jun-26,13737.46,395033.57,In Arrears,Debt Consolidation
L000274,C000358,BR004,Home,452106.69,11.07,120,07-Aug-23,07-Aug-33,6245.7,443764.48,In Arrears,Home Purchase
L000277,C000383,BR007,Credit Builder,433927.1,9.99,84,14-Aug-22,14-Aug-29,7201.46,429036.6,In Arrears,Debt Consolidation
L000279,C000278,BR018,Auto,66571.21,8.02,240,08-Sep-21,08-Sep-41,557.66,65856.63,In Arrears,Vehicle
L000280,C000089,BR027,Education,487318.17,8.4,36,08-Sep-20,08-Sep-23,15360.86,478873.28,In Arrears,Education
L000283,C000453,BR029,Education,241729.61,9.24,48,09-Jul-22,09-Jul-26,6043.04,221037.01,In Arrears,Education
L000284,C000131,BR019,Personal,93990.36,4.03,84,09-Nov-23,09-Nov-30,1286.03,89550.37,In Arrears,Debt Consolidation
L000293,C000237,BR036,Auto,138998.31,7.25,24,27-Dec-23,27-Dec-25,6239.08,122114.22,In Arrears,Vehicle
L000295,C000347,BR003,Auto,116400.15,17.7,60,15-Oct-23,15-Oct-28,2936.84,107492.32,In Arrears,Vehicle
L000300,C000384,BR017,Credit Builder,479422.09,9.18,12,26-Oct-22,26-Oct-23,41966.2,452959.45,In Arrears,Debt Consolidation
L000001,C000061,BR023,Business,159499.58,9.07,36,22-Sep-23,22-Sep-26,5077.24,147477.44,Defaulted,Business Expansion
L000006,C000461,BR040,Education,175180.04,14.1,36,23-Sep-22,23-Sep-25,5995.75,162836.11,Defaulted,Education
L000008,C000445,BR014,Business,249614.81,15.13,360,23-Dec-23,23-Dec-53,3182.2,245109.92,Defaulted,Business Expansion
L000013,C000052,BR018,Home,103636.52,18.13,36,18-Dec-20,18-Dec-23,3753.47,88769.56,Defaulted,Home Purchase
L000018,C000469,BR032,Credit Builder,11329.1,17.69,60,04-Jan-23,04-Jan-28,285.78,10759.62,Defaulted,Debt Consolidation
L000021,C000254,BR006,Auto,488732.99,17.28,36,28-Apr-23,28-Apr-26,17492.85,453314.3,Defaulted,Vehicle
L000023,C000418,BR033,Business,74906.64,13.7,180,23-Dec-23,23-Dec-38,982.51,72549.35,Defaulted,Business Expansion
L000033,C000246,BR039,Credit Builder,129777.11,8.25,240,31-Jul-20,31-Jul-40,1105.79,128414.56,Defaulted,Debt Consolidation
L000035,C000164,BR037,Education,9669.31,12.51,360,02-Dec-21,02-Dec-51,103.27,9535.95,Defaulted,Education
L000036,C000198,BR023,Auto,359554.34,16.86,360,26-Sep-22,26-Sep-52,5085.23,353348.24,Defaulted,Vehicle
L000037,C000204,BR007,Credit Builder,345561.1,5.41,48,23-May-23,23-May-27,8022.37,335556.01,Defaulted,Personal
L000038,C000284,BR028,Business,222075.52,3.99,36,12-Nov-20,12-Nov-23,6555.57,208319.73,Defaulted,Business Expansion
L000042,C000143,BR026,Home,138906.75,8.96,240,21-May-20,21-May-40,1246.21,133943.38,Defaulted,Home Purchase
L000046,C000477,BR004,Business,28858.51,13.95,36,22-Jun-23,22-Jun-26,985.61,26532.16,Defaulted,Business Expansion
L000048,C000265,BR020,Credit Builder,389208.94,14.17,180,25-Jan-23,25-Jan-38,5227.79,372959.28,Defaulted,Debt Consolidation
L000049,C000397,BR039,Auto,499794.5,6.54,12,03-Jun-21,03-Jun-22,43139.68,338514.9,Defaulted,Vehicle
L000050,C000154,BR034,Education,13528.16,13.55,60,21-Apr-21,21-Apr-26,311.63,13321.88,Defaulted,Education
L000052,C000466,BR024,Credit Builder,282329.4,9.01,36,23-Mar-22,23-Mar-25,8979.31,259878.59,Defaulted,Personal
L000057,C000323,BR024,Credit Builder,102482.51,9.46,240,08-Sep-23,08-Sep-43,952.6,102482.51,Defaulted,Debt Consolidation
L000061,C000242,BR035,Business,476897.42,14.6,48,15-Sep-23,15-Sep-27,13175.92,436822.94,Defaulted,Business Expansion
L000066,C000251,BR016,Education,26337.82,10.12,120,09-Aug-23,09-Aug-33,349.81,26149.89,Defaulted,Education
L000067,C000328,BR030,Auto,296014.36,10.24,60,04-Mar-23,04-Mar-28,6324.44,291393.78,Defaulted,Vehicle
L000070,C000310,BR034,Business,302937.29,3.87,360,26-Jun-23,26-Jun-53,1423.66,300875.12,Defaulted,Business Expansion
L000075,C000110,BR035,Auto,105962.39,5.51,36,25-Oct-22,25-Oct-25,3200.11,99629.22,Defaulted,Vehicle
L000084,C000429,BR019,Personal,254324.08,11.5,60,09-Mar-20,09-Mar-25,5593.25,246984.34,Defaulted,Debt Consolidation
L000088,C000012,BR038,Business,222332.71,16.79,84,10-Oct-22,10-Oct-29,4516.61,210509.84,Defaulted,Business Expansion
L000090,C000499,BR035,Credit Builder,165782.34,7.87,240,16-Nov-23,16-Nov-43,1373.29,162325.02,Defaulted,Personal
L000095,C000500,BR023,Home,30684.37,10.62,84,05-Mar-23,05-Mar-30,519.28,29256.14,Defaulted,Home Purchase
L000096,C000257,BR021,Education,418768.01,7.97,12,06-Jun-23,06-Jun-24,36422.16,370938.66,Defaulted,Education
L000100,C000397,BR017,Education,399256.6,14.55,240,26-Nov-21,26-Nov-41,5125.11,386563.14,Defaulted,Education
L000104,C000057,BR039,Auto,42671.2,8,120,07-Feb-23,07-Feb-33,517.72,41683.43,Defaulted,Vehicle
L000107,C000452,BR003,Credit Builder,421925.04,9.25,12,22-Mar-23,22-Mar-24,36946.9,276758.67,Defaulted,Debt Consolidation
L000112,C000180,BR020,Personal,461274.34,8.94,120,02-Jun-23,02-Jun-33,5828.26,449416.37,Defaulted,Personal
L000114,C000385,BR018,Personal,129009.72,16.32,360,05-Nov-22,05-Nov-52,1768.2,125759.85,Defaulted,Personal
L000119,C000113,BR038,Education,347503.01,5.99,36,19-Jul-22,19-Jul-25,10570.14,319517.46,Defaulted,Education
L000122,C000495,BR038,Business,313048.14,11.97,120,07-Jun-21,07-Jun-31,4485.9,298880.29,Defaulted,Business Expansion
L000123,C000469,BR032,Education,317423.84,13.09,60,13-Apr-23,13-Apr-28,7237,317423.84,Defaulted,Education
L000127,C000087,BR010,Business,466383.49,15.11,36,04-Jun-21,04-Jun-24,16192.47,428121.33,Defaulted,Business Expansion
L000129,C000254,BR010,Business,7300.53,6.01,84,27-May-23,27-May-30,106.69,6972.92,Defaulted,Business Expansion
L000140,C000423,BR001,Education,471077.46,4.92,24,22-Aug-22,22-Aug-24,20649.95,415498.86,Defaulted,Education
L000141,C000470,BR026,Business,73990.31,8.56,60,24-Nov-23,24-Nov-28,1520.17,70124.84,Defaulted,Business Expansion
L000144,C000235,BR027,Personal,139905.65,8.55,60,01-Mar-21,01-Mar-26,2873.75,129182.39,Defaulted,Personal
L000146,C000362,BR007,Education,265495.36,17.38,24,31-May-23,31-May-25,13175.22,257362.99,Defaulted,Education
L000147,C000228,BR039,Credit Builder,458781.36,7.83,84,14-Jan-22,14-Jan-29,7111.87,449638.55,Defaulted,Personal
L000150,C000189,BR028,Home,312173.25,12.06,240,11-Nov-23,11-Nov-43,3450.36,299420.15,Defaulted,Home Purchase
L000153,C000478,BR007,Personal,117005.95,4.33,120,16-Jun-23,16-Jun-33,1203.07,111284.77,Defaulted,Personal
L000162,C000004,BR035,Home,141937.57,3.88,60,05-Jul-22,05-Jul-27,2606.32,135461.01,Defaulted,Home Purchase
L000164,C000026,BR008,Auto,185204.88,3.68,120,01-Mar-22,01-Mar-32,1847.07,179058.47,Defaulted,Vehicle
L000165,C000109,BR009,Home,398840.37,5.19,48,29-Jul-23,29-Jul-27,9219.38,385979.59,Defaulted,Home Purchase
L000168,C000468,BR024,Auto,421056.37,8.42,120,29-Apr-23,29-Apr-33,5202.5,404354.56,Defaulted,Vehicle
L000181,C000077,BR018,Personal,27944.39,15.5,84,26-May-23,26-May-30,547.1,27582.18,Defaulted,Personal
L000184,C000340,BR017,Home,441380.19,15.11,36,30-Jun-20,30-Jun-23,15324.38,363018.26,Defaulted,Home Purchase
L000191,C000018,BR026,Credit Builder,429498.72,6.72,84,12-Oct-22,12-Oct-29,6423.66,425376.75,Defaulted,Debt Consolidation
L000193,C000327,BR032,Education,137657.45,9.17,36,01-May-22,01-May-25,4388.37,126640.33,Defaulted,Education
L000199,C000345,BR028,Business,102055.62,17.28,180,23-Jun-23,23-Jun-38,1590.94,98919.13,Defaulted,Business Expansion
L000203,C000160,BR009,Education,12475.49,16.64,12,10-Sep-21,10-Sep-22,1135.69,10296.38,Defaulted,Education
L000204,C000406,BR022,Education,199701.49,9.85,240,30-May-21,30-May-41,1907.36,198555.82,Defaulted,Education
L000205,C000342,BR033,Credit Builder,59695.92,17.35,48,15-Dec-23,15-Dec-27,1733.36,56236.43,Defaulted,Debt Consolidation
L000212,C000057,BR020,Credit Builder,184675.7,11.68,120,12-Aug-23,12-Aug-33,2615.51,180925.68,Defaulted,Debt Consolidation
L000213,C000115,BR019,Home,58447.51,17.64,36,15-Apr-20,15-Apr-23,2102.48,54487.8,Defaulted,Home Purchase
L000214,C000342,BR003,Personal,114308.77,7.97,48,23-Dec-22,23-Dec-26,2789,110706.04,Defaulted,Debt Consolidation
L000219,C000237,BR018,Business,275851.83,9.36,84,09-Sep-21,09-Sep-28,4488.76,267418.09,Defaulted,Business Expansion
L000220,C000225,BR012,Personal,355781.44,16.07,84,27-Aug-22,27-Aug-29,7080.75,333066.65,Defaulted,Personal
L000221,C000367,BR003,Auto,225286.28,15.39,84,15-Jun-22,15-Jun-29,4396.74,219037.1,Defaulted,Vehicle
L000235,C000383,BR021,Business,328468.34,14.3,36,09-May-23,09-May-26,11274.19,313929.19,Defaulted,Business Expansion
L000237,C000352,BR027,Education,186098.87,6.44,120,07-Mar-23,07-Mar-33,2107.44,183210.24,Defaulted,Education
L000239,C000220,BR017,Education,252182.73,16.22,84,09-Apr-23,09-Apr-30,5040.52,243253.58,Defaulted,Education
L000243,C000444,BR014,Education,368523.95,15.25,120,30-Nov-22,30-Nov-32,6002.13,360227,Defaulted,Education
L000249,C000228,BR029,Home,171477.75,4.97,240,12-Dec-23,12-Dec-43,1128.84,168528.49,Defaulted,Home Purchase
L000250,C000206,BR037,Auto,208268.4,6.07,48,20-Oct-22,20-Oct-26,4897.88,201466.17,Defaulted,Vehicle
L000251,C000256,BR005,Education,210447.1,9.77,180,23-Dec-23,23-Dec-38,2231.96,207715.42,Defaulted,Education
L000254,C000411,BR017,Auto,337078,6.54,84,16-Dec-22,16-Dec-29,5011.95,330808.81,Defaulted,Vehicle
L000255,C000140,BR010,Business,166413.69,8.12,24,29-May-20,29-May-22,7535.55,156946.16,Defaulted,Business Expansion
L000261,C000182,BR023,Auto,208177.23,12.56,48,25-Mar-23,25-Mar-27,5539.52,193924.49,Defaulted,Vehicle
L000262,C000264,BR012,Auto,171087.56,3.67,180,29-Apr-23,29-Apr-38,1237.41,170416.61,Defaulted,Vehicle
L000264,C000384,BR023,Education,15186.75,18.2,84,15-Jan-23,15-Jan-30,320.98,14771.08,Defaulted,Education
L000268,C000237,BR035,Auto,444141.87,9.38,24,24-Jun-20,24-Jun-22,20368.03,429258.37,Defaulted,Vehicle
L000278,C000035,BR008,Credit Builder,307543.84,9.34,180,23-Dec-23,23-Dec-38,3181.82,305717.41,Defaulted,Personal
L000285,C000076,BR032,Education,262028.19,17.91,24,23-Jan-23,23-Jan-25,13070.13,262028.19,Defaulted,Education
L000286,C000022,BR025,Personal,115353.12,4.9,360,30-Apr-22,30-Apr-52,612.21,114907.11,Defaulted,Debt Consolidation
L000287,C000216,BR026,Credit Builder,195612.49,9.86,240,29-Dec-23,29-Dec-43,1869.59,192070.61,Defaulted,Personal
L000290,C000480,BR026,Personal,310436.56,13.65,360,06-Oct-22,06-Oct-52,3592.45,301527.4,Defaulted,Personal
L000291,C000065,BR011,Business,262633.38,3.94,360,21-Sep-22,21-Sep-52,1244.78,261895.37,Defaulted,Business Expansion
L000294,C000228,BR004,Auto,319557.13,6.39,48,25-Sep-20,25-Sep-24,7562.08,304617.6,Defaulted,Vehicle
L000296,C000029,BR011,Business,62717.16,9.19,60,18-Jan-21,18-Jan-26,1307.7,61932.33,Defaulted,Business Expansion
L000297,C000159,BR040,Home,222637.15,12.86,360,04-Jun-23,04-Jun-53,2438.47,216827.73,Defaulted,Home Purchase
