card_id,account_id,card_type,issue_date,expiry_date,credit_limit,outstanding_balance,reward_points,is_active,network
CARD000023,ACC0000429,Debit,10-Sep-23,27-Mar-24,0,0,17226,No,Mastercard
CARD000028,ACC0000479,Debit,27-Nov-22,17-Jan-25,0,0,43419,No,Mastercard
CARD000041,ACC0000374,Debit,18-Jul-23,04-Dec-23,0,0,32913,No,Mastercard
CARD000043,ACC0000095,Debit,27-Mar-23,12-Oct-25,0,0,34597,No,Mastercard
CARD000045,ACC0000374,Debit,24-Sep-23,07-Dec-25,0,0,40592,No,Mastercard
CARD000050,ACC0000346,Debit,10-Jul-20,25-Jun-21,0,0,35158,No,Mastercard
CARD000091,ACC0000298,Debit,25-Mar-23,20-May-24,0,0,15688,No,Mastercard
CARD000092,ACC0000646,Debit,05-Jul-22,27-May-24,0,0,20395,No,Mastercard
CARD000095,ACC0000542,Debit,19-Feb-22,10-Aug-22,0,0,1998,No,Mastercard
CARD000099,ACC0000584,Debit,02-Dec-19,05-Dec-19,0,0,47134,No,Mastercard
CARD000101,ACC0000297,Debit,18-Feb-18,25-Nov-20,0,0,8854,No,Mastercard
CARD000104,ACC0000670,Debit,19-Jun-23,21-Feb-24,0,0,1826,No,Mastercard
CARD000112,ACC0000008,Debit,30-Mar-20,16-Jun-20,0,0,12832,No,Mastercard
CARD000116,ACC0000118,Debit,12-Dec-23,30-Jul-24,0,0,37280,No,Mastercard
CARD000119,ACC0000086,Debit,16-Jan-22,21-Jan-23,0,0,7344,No,Mastercard
CARD000120,ACC0000061,Debit,30-May-20,05-Aug-20,0,0,4620,No,Mastercard
CARD000121,ACC0000086,Debit,27-Feb-20,02-Jan-23,0,0,47562,No,Mastercard
CARD000129,ACC0000609,Debit,30-Jul-18,24-Mar-21,0,0,8908,No,Mastercard
CARD000146,ACC0000066,Debit,04-Apr-21,18-Sep-21,0,0,43306,No,Mastercard
CARD000147,ACC0000401,Debit,11-Feb-22,22-Jan-25,0,0,46836,No,Mastercard
CARD000150,ACC0000351,Debit,23-Sep-22,02-Mar-25,0,0,30228,No,Mastercard
CARD000162,ACC0000602,Debit,10-Feb-23,06-Sep-25,0,0,44121,No,Mastercard
CARD000175,ACC0000280,Debit,17-May-23,03-Oct-25,0,0,49633,No,Mastercard
CARD000182,ACC0000104,Debit,13-May-22,19-Aug-22,0,0,7176,No,Mastercard
CARD000187,ACC0000494,Debit,28-Jul-24,10-Feb-27,0,0,41533,No,Mastercard
CARD000189,ACC0000128,Debit,21-Apr-19,28-Mar-20,0,0,37708,No,Mastercard
CARD000190,ACC0000301,Debit,23-Aug-21,22-Feb-24,0,0,39776,No,Mastercard
CARD000194,ACC0000616,Debit,31-Dec-22,11-Jun-23,0,0,43771,No,Mastercard
CARD000195,ACC0000141,Debit,02-Dec-23,03-May-24,0,0,43424,No,Mastercard
CARD000200,ACC0000654,Debit,30-Nov-23,08-Jun-25,0,0,27935,No,Mastercard
CARD000201,ACC0000210,Debit,20-Aug-22,18-Dec-23,0,0,40871,No,Mastercard
CARD000203,ACC0000607,Debit,19-Jan-23,11-Aug-25,0,0,34005,No,Mastercard
CARD000206,ACC0000020,Debit,18-Oct-20,24-Jun-22,0,0,25167,No,Mastercard
CARD000208,ACC0000442,Debit,27-Sep-23,26-Aug-24,0,0,22298,No,Mastercard
CARD000214,ACC0000027,Debit,16-Dec-23,15-Dec-25,0,0,23182,No,Mastercard
CARD000221,ACC0000663,Debit,03-May-24,12-Jun-24,0,0,25497,No,Mastercard
CARD000231,ACC0000307,Debit,23-Jul-23,03-Sep-25,0,0,16660,No,Mastercard
CARD000237,ACC0000354,Debit,29-Oct-23,18-Oct-24,0,0,29375,No,Mastercard
CARD000238,ACC0000359,Debit,11-Jun-22,25-Apr-24,0,0,388,No,Mastercard
CARD000257,ACC0000330,Debit,31-Dec-21,28-Aug-23,0,0,11597,No,Mastercard
CARD000264,ACC0000283,Debit,06-Oct-20,21-Dec-22,0,0,18930,No,Mastercard
CARD000265,ACC0000278,Debit,28-Nov-23,22-Jun-24,0,0,28858,No,Mastercard
CARD000274,ACC0000417,Debit,27-Mar-23,21-Jul-25,0,0,14579,No,Mastercard
CARD000289,ACC0000602,Debit,01-Jun-23,25-Oct-23,0,0,38672,No,Mastercard
CARD000296,ACC0000485,Debit,26-May-24,26-Aug-25,0,0,29435,No,Mastercard
CARD000307,ACC0000686,Debit,04-Nov-23,22-Feb-24,0,0,14153,No,Mastercard
CARD000308,ACC0000100,Debit,01-Mar-21,11-Dec-23,0,0,727,No,Mastercard
CARD000312,ACC0000281,Debit,09-Jan-20,24-Feb-20,0,0,10325,No,Mastercard
CARD000316,ACC0000406,Debit,06-Jun-23,16-Apr-25,0,0,9661,No,Mastercard
CARD000321,ACC0000111,Debit,18-Aug-23,03-Sep-25,0,0,14252,No,Mastercard
CARD000322,ACC0000363,Debit,31-Oct-18,04-Dec-19,0,0,20024,No,Mastercard
CARD000324,ACC0000620,Debit,03-Nov-22,26-Mar-25,0,0,1906,No,Mastercard
CARD000334,ACC0000102,Debit,09-May-23,11-Jun-24,0,0,3176,No,Mastercard
CARD000342,ACC0000015,Debit,02-Apr-19,03-Feb-21,0,0,27710,No,Mastercard
CARD000345,ACC0000635,Debit,25-May-23,13-Apr-24,0,0,14728,No,Mastercard
CARD000348,ACC0000518,Debit,11-Jan-23,20-Jan-23,0,0,4539,No,Mastercard
CARD000368,ACC0000449,Debit,17-Dec-22,08-Jun-24,0,0,28246,No,Mastercard
CARD000371,ACC0000349,Debit,22-Feb-23,18-Oct-25,0,0,30241,No,Mastercard
CARD000384,ACC0000427,Debit,17-Oct-20,10-Mar-23,0,0,13823,No,Mastercard
CARD000394,ACC0000245,Debit,29-Nov-21,09-Aug-22,0,0,11450,No,Mastercard
CARD000404,ACC0000009,Debit,20-Nov-19,22-May-20,0,0,17381,No,Mastercard
CARD000405,ACC0000193,Debit,12-Jun-23,04-May-25,0,0,17153,No,Mastercard
CARD000416,ACC0000518,Debit,01-Nov-22,27-Nov-23,0,0,869,No,Mastercard
CARD000419,ACC0000373,Debit,24-Jun-22,05-Jun-24,0,0,31434,No,Mastercard
CARD000420,ACC0000506,Debit,27-Jan-21,26-May-21,0,0,6032,No,Mastercard
CARD000444,ACC0000164,Debit,31-May-21,23-Dec-22,0,0,42619,No,Mastercard
CARD000445,ACC0000573,Debit,28-Sep-21,26-Nov-21,0,0,5939,No,Mastercard
CARD000456,ACC0000102,Debit,01-Sep-23,01-Nov-24,0,0,37582,No,Mastercard
CARD000459,ACC0000224,Debit,11-Jul-22,11-Feb-25,0,0,25431,No,Mastercard
CARD000463,ACC0000227,Debit,26-Jan-23,27-Jul-23,0,0,32949,No,Mastercard
CARD000469,ACC0000325,Debit,29-Dec-23,23-May-26,0,0,9695,No,Mastercard
CARD000472,ACC0000502,Debit,10-Apr-23,03-May-24,0,0,23329,No,Mastercard
CARD000474,ACC0000639,Debit,28-Sep-21,23-Aug-23,0,0,8378,No,Mastercard
CARD000478,ACC0000404,Debit,26-Nov-22,02-Nov-25,0,0,36922,No,Mastercard
CARD000483,ACC0000376,Debit,11-Sep-21,30-Dec-23,0,0,45280,No,Mastercard
CARD000485,ACC0000001,Debit,22-Oct-22,03-Jun-24,0,0,43469,No,Mastercard
CARD000493,ACC0000489,Debit,11-Jun-20,11-Mar-22,0,0,18683,No,Mastercard
CARD000495,ACC0000639,Debit,23-Aug-22,13-Feb-23,0,0,22161,No,Mastercard
CARD000497,ACC0000500,Debit,10-Dec-23,27-Jan-25,0,0,17350,No,Mastercard
CARD000502,ACC0000021,Debit,22-Jan-20,13-Nov-21,0,0,13093,No,Mastercard
CARD000517,ACC0000663,Debit,28-Mar-24,12-Oct-25,0,0,33596,No,Mastercard
CARD000523,ACC0000411,Debit,19-Oct-22,28-Mar-24,0,0,13790,No,Mastercard
CARD000534,ACC0000038,Debit,20-Oct-23,09-Jul-25,0,0,23233,No,Mastercard
CARD000552,ACC0000354,Debit,24-Aug-21,26-Jul-24,0,0,26479,No,Mastercard
CARD000559,ACC0000448,Debit,16-Mar-21,19-May-21,0,0,41865,No,Mastercard
CARD000564,ACC0000184,Debit,17-Jun-23,13-Sep-24,0,0,36800,No,Mastercard
CARD000566,ACC0000689,Debit,12-Dec-20,29-Mar-21,0,0,21733,No,Mastercard
CARD000569,ACC0000392,Debit,06-Mar-22,02-Mar-24,0,0,11105,No,Mastercard
CARD000585,ACC0000146,Debit,25-Nov-21,13-Jun-24,0,0,4005,No,Mastercard
CARD000586,ACC0000016,Debit,13-Feb-23,30-May-24,0,0,2488,No,Mastercard
CARD000587,ACC0000684,Debit,08-Oct-23,24-Jul-24,0,0,87,No,Mastercard
CARD000599,ACC0000066,Debit,20-Feb-23,25-Oct-25,0,0,49984,No,Mastercard
CARD000007,ACC0000073,Debit,07-Nov-23,16-Jun-26,0,0,11370,No,American Express
CARD000012,ACC0000209,Debit,05-Dec-23,06-Nov-26,0,0,47403,No,American Express
CARD000026,ACC0000149,Debit,29-Apr-18,13-Dec-18,0,0,1248,No,American Express
CARD000027,ACC0000054,Debit,06-Mar-19,15-Sep-19,0,0,27855,No,American Express
CARD000034,ACC0000617,Debit,25-Sep-22,13-Jun-25,0,0,13488,No,American Express
CARD000046,ACC0000660,Debit,10-Jun-23,18-Jul-24,0,0,47336,No,American Express
CARD000053,ACC0000365,Debit,20-Oct-23,04-Mar-24,0,0,16694,No,American Express
CARD000056,ACC0000151,Debit,12-Mar-23,26-Jun-24,0,0,11711,No,American Express
CARD000062,ACC0000321,Debit,10-Feb-23,28-Sep-25,0,0,38768,No,American Express
CARD000063,ACC0000468,Debit,31-Aug-22,17-Jun-24,0,0,22995,No,American Express
CARD000066,ACC0000007,Debit,24-Mar-23,09-May-25,0,0,12219,No,American Express
CARD000068,ACC0000655,Debit,23-Feb-22,22-Jul-22,0,0,28539,No,American Express
CARD000078,ACC0000149,Debit,06-Apr-21,14-Nov-23,0,0,43887,No,American Express
CARD000084,ACC0000530,Debit,11-Jun-23,25-Sep-25,0,0,20994,No,American Express
CARD000103,ACC0000176,Debit,21-Sep-22,17-Apr-24,0,0,30270,No,American Express
CARD000106,ACC0000471,Debit,05-Jul-21,07-Mar-24,0,0,44409,No,American Express
CARD000111,ACC0000292,Debit,23-Apr-20,08-Sep-20,0,0,38525,No,American Express
CARD000115,ACC0000053,Debit,14-Oct-23,18-Dec-25,0,0,20873,No,American Express
CARD000123,ACC0000420,Debit,29-May-19,01-Aug-19,0,0,32568,No,American Express
CARD000124,ACC0000505,Debit,14-Jul-21,27-Jan-23,0,0,8850,No,American Express
CARD000125,ACC0000510,Debit,26-Mar-22,13-Oct-24,0,0,27212,No,American Express
CARD000134,ACC0000411,Debit,13-Nov-22,17-Dec-23,0,0,33806,No,American Express
CARD000140,ACC0000578,Debit,05-Sep-20,23-Jul-23,0,0,1185,No,American Express
CARD000143,ACC0000179,Debit,28-Mar-19,13-Mar-20,0,0,13372,No,American Express
CARD000145,ACC0000650,Debit,23-Jun-23,29-May-24,0,0,729,No,American Express
CARD000149,ACC0000091,Debit,20-Feb-23,18-Dec-25,0,0,48005,No,American Express
CARD000157,ACC0000463,Debit,15-Oct-21,05-Dec-23,0,0,49770,No,American Express
CARD000168,ACC0000595,Debit,06-May-23,27-Mar-25,0,0,7234,No,American Express
CARD000170,ACC0000335,Debit,16-Feb-24,18-Oct-24,0,0,45642,No,American Express
CARD000172,ACC0000672,Debit,23-Jul-18,23-Jan-19,0,0,10935,No,American Express
CARD000188,ACC0000594,Debit,24-Jul-23,15-Jun-24,0,0,18276,No,American Express
CARD000191,ACC0000263,Debit,21-Aug-23,17-Mar-25,0,0,48002,No,American Express
CARD000199,ACC0000008,Debit,26-Dec-21,01-Mar-23,0,0,42112,No,American Express
CARD000216,ACC0000163,Debit,29-Apr-23,19-Jan-25,0,0,30892,No,American Express
CARD000217,ACC0000454,Debit,16-Jul-22,14-May-23,0,0,3730,No,American Express
CARD000220,ACC0000232,Debit,26-Jul-23,11-Jan-26,0,0,6092,No,American Express
CARD000223,ACC0000275,Debit,03-Jul-23,06-Mar-25,0,0,7095,No,American Express
CARD000227,ACC0000687,Debit,24-Jun-20,19-Jun-23,0,0,42452,No,American Express
CARD000228,ACC0000516,Debit,05-Apr-23,01-Oct-24,0,0,36100,No,American Express
CARD000252,ACC0000389,Debit,02-Dec-21,12-Apr-24,0,0,30528,No,American Express
CARD000256,ACC0000687,Debit,25-Feb-22,10-Apr-22,0,0,46892,No,American Express
CARD000260,ACC0000299,Debit,01-Apr-20,22-Apr-22,0,0,23503,No,American Express
CARD000261,ACC0000513,Debit,13-Sep-22,23-Apr-24,0,0,32894,No,American Express
CARD000263,ACC0000141,Debit,08-Feb-24,24-Jul-25,0,0,45516,No,American Express
CARD000273,ACC0000222,Debit,20-Jan-22,19-Aug-22,0,0,25990,No,American Express
CARD000279,ACC0000352,Debit,23-Oct-22,28-Feb-24,0,0,48770,No,American Express
CARD000281,ACC0000355,Debit,18-Jun-23,17-May-24,0,0,1473,No,American Express
CARD000287,ACC0000573,Debit,07-Jul-18,03-Dec-18,0,0,22238,No,American Express
CARD000293,ACC0000425,Debit,05-Oct-23,29-Sep-24,0,0,46385,No,American Express
CARD000300,ACC0000468,Debit,25-Feb-22,18-Apr-24,0,0,37670,No,American Express
CARD000304,ACC0000135,Debit,26-Jul-24,14-Oct-24,0,0,11021,No,American Express
CARD000317,ACC0000611,Debit,01-Feb-20,08-Feb-20,0,0,21986,No,American Express
CARD000323,ACC0000251,Debit,22-May-22,14-Mar-23,0,0,19588,No,American Express
CARD000332,ACC0000084,Debit,19-Apr-23,26-Sep-25,0,0,31171,No,American Express
CARD000341,ACC0000387,Debit,16-Feb-21,26-Dec-22,0,0,22385,No,American Express
CARD000349,ACC0000142,Debit,18-Aug-22,07-Jul-25,0,0,39200,No,American Express
CARD000353,ACC0000170,Debit,21-Sep-22,20-Jun-23,0,0,18362,No,American Express
CARD000356,ACC0000432,Debit,05-Oct-23,01-Jan-24,0,0,11305,No,American Express
CARD000359,ACC0000625,Debit,28-Jul-22,25-Jul-23,0,0,14652,No,American Express
CARD000362,ACC0000420,Debit,08-Apr-22,06-Feb-25,0,0,48764,No,American Express
CARD000367,ACC0000512,Debit,16-Jul-23,28-Jun-25,0,0,31882,No,American Express
CARD000377,ACC0000150,Debit,15-Jun-23,08-Jun-24,0,0,36091,No,American Express
CARD000380,ACC0000271,Debit,20-May-22,17-Apr-24,0,0,7904,No,American Express
CARD000396,ACC0000206,Debit,13-May-22,08-Apr-25,0,0,38987,No,American Express
CARD000411,ACC0000281,Debit,16-Jul-18,15-Oct-20,0,0,14011,No,American Express
CARD000417,ACC0000504,Debit,06-Nov-23,27-Jan-25,0,0,31797,No,American Express
CARD000428,ACC0000379,Debit,01-Oct-21,18-Aug-23,0,0,4074,No,American Express
CARD000429,ACC0000633,Debit,04-Jan-22,05-Jan-23,0,0,15549,No,American Express
CARD000433,ACC0000551,Debit,06-May-20,09-Aug-22,0,0,27398,No,American Express
CARD000446,ACC0000441,Debit,15-Dec-23,07-Mar-25,0,0,8719,No,American Express
CARD000454,ACC0000320,Debit,21-Jul-22,25-Apr-24,0,0,6971,No,American Express
CARD000465,ACC0000088,Debit,30-Jun-23,15-May-24,0,0,26981,No,American Express
CARD000470,ACC0000082,Debit,11-Jul-23,15-Apr-25,0,0,34615,No,American Express
CARD000476,ACC0000609,Debit,29-May-19,03-Feb-21,0,0,15174,No,American Express
CARD000477,ACC0000127,Debit,17-Nov-20,14-Jan-23,0,0,11675,No,American Express
CARD000479,ACC0000350,Debit,24-Aug-23,12-Oct-23,0,0,335,No,American Express
CARD000486,ACC0000200,Debit,13-Nov-22,19-Nov-24,0,0,13340,No,American Express
CARD000489,ACC0000654,Debit,16-Sep-23,08-Nov-25,0,0,10698,No,American Express
CARD000503,ACC0000486,Debit,30-Jan-23,30-Mar-24,0,0,39170,No,American Express
CARD000506,ACC0000485,Debit,30-Nov-23,22-Feb-25,0,0,35756,No,American Express
CARD000508,ACC0000163,Debit,20-May-23,25-Oct-23,0,0,30279,No,American Express
CARD000516,ACC0000258,Debit,24-Feb-20,15-Sep-20,0,0,32136,No,American Express
CARD000526,ACC0000348,Debit,18-Dec-20,15-Apr-22,0,0,19042,No,American Express
CARD000538,ACC0000048,Debit,19-Feb-22,29-Nov-24,0,0,5540,No,American Express
CARD000565,ACC0000585,Debit,04-Mar-22,30-Apr-24,0,0,29077,No,American Express
CARD000588,ACC0000062,Debit,01-Jul-23,09-Feb-24,0,0,11752,No,American Express
CARD000589,ACC0000284,Debit,25-Oct-22,26-Mar-23,0,0,47731,No,American Express
CARD000003,ACC0000135,Debit,05-Jun-24,13-Dec-24,0,0,22363,No,Visa
CARD000006,ACC0000516,Debit,24-Oct-22,17-Apr-25,0,0,11711,No,Visa
CARD000013,ACC0000231,Debit,11-Nov-22,03-May-25,0,0,5728,No,Visa
CARD000020,ACC0000051,Debit,17-Nov-23,12-Sep-24,0,0,21614,No,Visa
CARD000021,ACC0000401,Debit,10-Feb-23,06-May-24,0,0,39859,No,Visa
CARD000031,ACC0000312,Debit,30-Jan-24,06-Feb-24,0,0,27167,No,Visa
CARD000032,ACC0000027,Debit,30-Jun-21,16-Dec-21,0,0,41362,No,Visa
CARD000042,ACC0000488,Debit,30-Jul-22,26-Dec-22,0,0,15854,No,Visa
CARD000049,ACC0000559,Debit,12-May-23,02-Jul-24,0,0,24717,No,Visa
CARD000061,ACC0000041,Debit,28-Feb-22,22-Aug-24,0,0,14298,No,Visa
CARD000070,ACC0000030,Debit,21-Dec-21,09-Jan-22,0,0,34525,No,Visa
CARD000071,ACC0000262,Debit,26-Aug-21,19-Apr-24,0,0,35010,No,Visa
CARD000074,ACC0000464,Debit,04-Jun-20,20-Apr-22,0,0,39285,No,Visa
CARD000083,ACC0000698,Debit,03-Jun-22,09-Apr-25,0,0,3403,No,Visa
CARD000094,ACC0000426,Debit,22-Aug-23,17-Jan-24,0,0,34509,No,Visa
CARD000096,ACC0000236,Debit,01-Oct-21,26-Oct-21,0,0,20616,No,Visa
CARD000105,ACC0000089,Debit,14-Oct-21,05-Oct-22,0,0,43812,No,Visa
CARD000107,ACC0000647,Debit,03-Apr-24,12-Oct-25,0,0,32401,No,Visa
CARD000118,ACC0000364,Debit,07-Apr-23,18-May-24,0,0,21378,No,Visa
CARD000128,ACC0000455,Debit,05-Mar-22,24-Jul-24,0,0,32719,No,Visa
CARD000130,ACC0000177,Debit,05-Jun-23,31-May-24,0,0,41087,No,Visa
CARD000132,ACC0000628,Debit,19-May-21,02-Jan-22,0,0,21484,No,Visa
CARD000138,ACC0000378,Debit,03-Apr-22,04-Jun-24,0,0,49219,No,Visa
CARD000152,ACC0000421,Debit,05-Jul-19,09-Oct-20,0,0,31001,No,Visa
CARD000163,ACC0000618,Debit,12-Aug-21,22-Jun-22,0,0,23095,No,Visa
CARD000173,ACC0000372,Debit,12-Jan-24,22-Jun-25,0,0,31763,No,Visa
CARD000174,ACC0000031,Debit,18-May-23,28-Oct-23,0,0,43294,No,Visa
CARD000181,ACC0000285,Debit,30-Nov-21,10-Nov-24,0,0,49392,No,Visa
CARD000192,ACC0000126,Debit,22-Jan-23,02-Nov-24,0,0,22885,No,Visa
CARD000196,ACC0000609,Debit,07-May-21,06-Oct-22,0,0,26219,No,Visa
CARD000212,ACC0000247,Debit,06-Sep-22,10-Oct-23,0,0,46522,No,Visa
CARD000215,ACC0000063,Debit,17-Mar-22,04-Mar-24,0,0,17453,No,Visa
CARD000219,ACC0000691,Debit,06-Jan-22,15-Apr-23,0,0,25430,No,Visa
CARD000225,ACC0000356,Debit,02-Mar-21,18-Apr-21,0,0,7471,No,Visa
CARD000242,ACC0000035,Debit,16-Jan-23,03-Jan-24,0,0,46041,No,Visa
CARD000243,ACC0000401,Debit,02-Jul-22,22-Dec-23,0,0,10337,No,Visa
CARD000247,ACC0000556,Debit,15-Nov-23,21-Oct-24,0,0,21210,No,Visa
CARD000248,ACC0000298,Debit,30-Jun-21,01-Nov-21,0,0,30196,No,Visa
CARD000251,ACC0000543,Debit,31-Jul-21,11-Dec-23,0,0,28876,No,Visa
CARD000267,ACC0000583,Debit,29-Dec-21,16-Sep-23,0,0,12739,No,Visa
CARD000270,ACC0000085,Debit,02-Jun-22,24-Aug-23,0,0,10887,No,Visa
CARD000280,ACC0000025,Debit,20-Sep-23,13-Apr-26,0,0,10289,No,Visa
CARD000282,ACC0000137,Debit,22-Oct-22,01-Feb-24,0,0,43052,No,Visa
CARD000315,ACC0000675,Debit,18-Jan-18,14-Nov-18,0,0,37259,No,Visa
CARD000318,ACC0000348,Debit,30-Jan-19,29-Jan-22,0,0,5863,No,Visa
CARD000339,ACC0000670,Debit,11-Jun-23,22-Sep-24,0,0,44091,No,Visa
CARD000358,ACC0000479,Debit,05-Dec-23,06-Sep-25,0,0,16733,No,Visa
CARD000363,ACC0000263,Debit,23-Oct-23,15-May-24,0,0,39247,No,Visa
CARD000378,ACC0000275,Debit,15-May-22,18-Sep-22,0,0,20636,No,Visa
CARD000387,ACC0000057,Debit,25-Jul-18,17-May-19,0,0,10131,No,Visa
CARD000388,ACC0000336,Debit,02-Nov-23,30-Aug-25,0,0,49245,No,Visa
CARD000390,ACC0000455,Debit,23-Dec-19,13-Aug-22,0,0,12253,No,Visa
CARD000393,ACC0000543,Debit,21-Mar-20,16-Aug-20,0,0,34018,No,Visa
CARD000397,ACC0000133,Debit,18-Sep-20,19-Nov-20,0,0,49891,No,Visa
CARD000398,ACC0000639,Debit,07-Mar-21,14-Dec-21,0,0,26622,No,Visa
CARD000403,ACC0000405,Debit,29-Jun-22,29-Jan-25,0,0,27606,No,Visa
CARD000418,ACC0000537,Debit,25-May-23,24-Sep-24,0,0,23735,No,Visa
CARD000423,ACC0000431,Debit,25-Jul-20,01-Jul-23,0,0,20522,No,Visa
CARD000425,ACC0000379,Debit,23-Mar-22,25-Dec-23,0,0,40443,No,Visa
CARD000432,ACC0000633,Debit,13-Sep-20,30-Apr-22,0,0,41933,No,Visa
CARD000436,ACC0000069,Debit,12-Apr-24,03-Jun-24,0,0,27339,No,Visa
CARD000441,ACC0000577,Debit,07-Jan-22,05-Feb-24,0,0,43441,No,Visa
CARD000449,ACC0000083,Debit,07-Sep-23,22-Nov-25,0,0,22949,No,Visa
CARD000466,ACC0000093,Debit,15-Sep-23,13-Jun-26,0,0,21513,No,Visa
CARD000482,ACC0000054,Debit,25-Nov-21,07-Nov-24,0,0,14012,No,Visa
CARD000490,ACC0000634,Debit,17-Mar-24,01-Jun-24,0,0,29066,No,Visa
CARD000492,ACC0000586,Debit,25-Sep-20,09-Jun-22,0,0,10909,No,Visa
CARD000504,ACC0000113,Debit,29-Aug-23,30-Jul-24,0,0,45436,No,Visa
CARD000511,ACC0000003,Debit,02-Mar-23,07-Jan-26,0,0,18405,No,Visa
CARD000519,ACC0000686,Debit,09-Dec-23,07-Jul-24,0,0,49278,No,Visa
CARD000525,ACC0000697,Debit,14-Oct-23,03-Jun-25,0,0,36444,No,Visa
CARD000529,ACC0000424,Debit,25-Aug-21,25-Oct-22,0,0,45177,No,Visa
CARD000532,ACC0000321,Debit,05-Dec-23,12-Nov-24,0,0,4459,No,Visa
CARD000536,ACC0000176,Debit,19-Nov-19,19-Jul-21,0,0,20008,No,Visa
CARD000537,ACC0000640,Debit,14-Apr-23,13-Feb-24,0,0,4319,No,Visa
CARD000539,ACC0000387,Debit,26-Aug-21,29-Jul-23,0,0,14836,No,Visa
CARD000540,ACC0000388,Debit,29-Sep-21,10-Nov-21,0,0,10292,No,Visa
CARD000547,ACC0000330,Debit,06-Jan-22,27-Sep-23,0,0,27631,No,Visa
CARD000551,ACC0000490,Debit,09-Dec-22,30-Jul-23,0,0,49521,No,Visa
CARD000555,ACC0000691,Debit,15-Jan-23,13-Feb-23,0,0,6363,No,Visa
CARD000572,ACC0000633,Debit,29-Aug-20,08-Sep-20,0,0,3695,No,Visa
CARD000575,ACC0000042,Debit,17-Aug-19,26-Sep-21,0,0,11877,No,Visa
CARD000582,ACC0000274,Debit,14-Apr-19,02-Nov-20,0,0,14245,No,Visa
CARD000584,ACC0000450,Debit,06-May-23,19-Sep-24,0,0,26449,No,Visa
CARD000593,ACC0000600,Debit,01-Sep-19,18-Apr-20,0,0,37402,No,Visa
CARD000596,ACC0000423,Debit,17-Oct-21,17-Feb-23,0,0,16015,No,Visa
CARD000600,ACC0000041,Debit,19-Apr-22,10-Apr-25,0,0,29167,No,Visa
CARD000002,ACC0000004,Debit,18-Oct-23,06-Oct-25,0,0,12032,No,Discover
CARD000008,ACC0000544,Debit,14-May-20,02-Apr-21,0,0,31006,No,Discover
CARD000009,ACC0000487,Debit,28-Jun-22,12-Jul-23,0,0,41690,No,Discover
CARD000011,ACC0000373,Debit,23-Sep-23,15-Nov-24,0,0,36236,No,Discover
CARD000017,ACC0000507,Debit,18-Dec-19,07-Dec-21,0,0,16103,No,Discover
CARD000029,ACC0000072,Debit,09-Oct-22,31-Jan-25,0,0,8285,No,Discover
CARD000033,ACC0000535,Debit,06-Feb-24,07-Jul-25,0,0,33849,No,Discover
CARD000035,ACC0000297,Debit,18-Jan-20,26-Aug-20,0,0,8504,No,Discover
CARD000038,ACC0000225,Debit,11-Jun-23,20-Jul-25,0,0,3739,No,Discover
CARD000060,ACC0000103,Debit,25-Feb-24,03-Feb-26,0,0,19003,No,Discover
CARD000065,ACC0000549,Debit,07-Feb-23,18-Aug-25,0,0,25749,No,Discover
CARD000067,ACC0000455,Debit,09-Dec-19,17-Oct-20,0,0,35138,No,Discover
CARD000069,ACC0000646,Debit,06-Jul-23,15-Mar-26,0,0,2628,No,Discover
CARD000073,ACC0000664,Debit,02-Mar-18,02-May-19,0,0,19093,No,Discover
CARD000082,ACC0000587,Debit,05-Sep-22,30-May-25,0,0,30016,No,Discover
CARD000085,ACC0000520,Debit,04-Jul-23,26-Mar-24,0,0,29817,No,Discover
CARD000086,ACC0000228,Debit,30-Nov-22,28-Apr-25,0,0,11965,No,Discover
CARD000109,ACC0000293,Debit,03-Mar-24,05-Oct-24,0,0,29916,No,Discover
CARD000155,ACC0000103,Debit,11-Jun-24,20-Jun-25,0,0,18195,No,Discover
CARD000167,ACC0000602,Debit,02-Dec-22,14-Jan-25,0,0,30774,No,Discover
CARD000169,ACC0000625,Debit,15-Aug-23,02-May-25,0,0,17237,No,Discover
CARD000171,ACC0000336,Debit,01-Nov-20,01-Sep-22,0,0,12020,No,Discover
CARD000177,ACC0000006,Debit,02-Aug-23,23-Oct-24,0,0,24376,No,Discover
CARD000178,ACC0000207,Debit,16-Oct-23,07-Jun-24,0,0,38960,No,Discover
CARD000183,ACC0000150,Debit,22-Feb-24,22-Oct-25,0,0,20125,No,Discover
CARD000186,ACC0000377,Debit,08-Oct-19,03-Sep-22,0,0,20226,No,Discover
CARD000202,ACC0000114,Debit,23-Feb-24,18-Apr-25,0,0,22673,No,Discover
CARD000204,ACC0000534,Debit,09-Dec-23,30-Apr-25,0,0,19193,No,Discover
CARD000205,ACC0000231,Debit,29-May-22,09-May-24,0,0,12513,No,Discover
CARD000213,ACC0000196,Debit,19-Apr-23,13-Oct-24,0,0,33663,No,Discover
CARD000222,ACC0000314,Debit,05-Sep-22,15-Oct-22,0,0,37813,No,Discover
CARD000250,ACC0000364,Debit,05-Feb-23,03-Aug-23,0,0,15144,No,Discover
CARD000258,ACC0000507,Debit,19-Mar-20,12-Jun-22,0,0,531,No,Discover
CARD000283,ACC0000244,Debit,12-Nov-21,21-Mar-22,0,0,1704,No,Discover
CARD000313,ACC0000172,Debit,23-Aug-20,03-Nov-21,0,0,19528,No,Discover
CARD000344,ACC0000242,Debit,14-Sep-22,26-Aug-23,0,0,13791,No,Discover
CARD000366,ACC0000161,Debit,19-Jan-18,09-Nov-19,0,0,47245,No,Discover
CARD000370,ACC0000418,Debit,08-Jul-18,11-Feb-20,0,0,36071,No,Discover
CARD000372,ACC0000436,Debit,25-Apr-22,25-Aug-23,0,0,22033,No,Discover
CARD000375,ACC0000099,Debit,19-Nov-22,28-Sep-23,0,0,49699,No,Discover
CARD000381,ACC0000139,Debit,07-Aug-21,23-Nov-23,0,0,29147,No,Discover
CARD000395,ACC0000192,Debit,26-Sep-22,02-Sep-24,0,0,44170,No,Discover
CARD000406,ACC0000463,Debit,15-Jul-21,21-Dec-23,0,0,21670,No,Discover
CARD000407,ACC0000199,Debit,27-Jul-22,21-Apr-23,0,0,19664,No,Discover
CARD000426,ACC0000206,Debit,09-Nov-23,08-Oct-24,0,0,16973,No,Discover
CARD000427,ACC0000544,Debit,06-Jan-22,26-Jan-24,0,0,26122,No,Discover
CARD000439,ACC0000193,Debit,29-Oct-23,09-Nov-25,0,0,26507,No,Discover
CARD000447,ACC0000330,Debit,12-Jul-21,07-Aug-23,0,0,46826,No,Discover
CARD000450,ACC0000017,Debit,08-Feb-22,16-Dec-22,0,0,1868,No,Discover
CARD000453,ACC0000494,Debit,13-Jan-24,17-Apr-24,0,0,14887,No,Discover
CARD000455,ACC0000199,Debit,14-Oct-23,08-Feb-25,0,0,28361,No,Discover
CARD000458,ACC0000174,Debit,23-Jan-23,23-Feb-24,0,0,46325,No,Discover
CARD000464,ACC0000036,Debit,01-Aug-22,14-Sep-23,0,0,44753,No,Discover
CARD000480,ACC0000472,Debit,30-Jul-22,28-Oct-23,0,0,38504,No,Discover
CARD000481,ACC0000030,Debit,21-Jun-23,23-Oct-25,0,0,32668,No,Discover
CARD000487,ACC0000265,Debit,29-Jul-22,04-Aug-23,0,0,5656,No,Discover
CARD000505,ACC0000212,Debit,21-Nov-22,24-Aug-25,0,0,30354,No,Discover
CARD000513,ACC0000092,Debit,04-Sep-21,19-Mar-24,0,0,27062,No,Discover
CARD000515,ACC0000021,Debit,17-Aug-20,09-Jun-22,0,0,36243,No,Discover
CARD000521,ACC0000314,Debit,08-Jun-20,07-May-21,0,0,35495,No,Discover
CARD000522,ACC0000474,Debit,30-Mar-19,18-Sep-20,0,0,9778,No,Discover
CARD000531,ACC0000074,Debit,30-Apr-21,03-Sep-22,0,0,32792,No,Discover
CARD000533,ACC0000485,Debit,06-Dec-23,16-Jan-26,0,0,42440,No,Discover
CARD000546,ACC0000412,Debit,23-Jul-19,20-May-20,0,0,9034,No,Discover
CARD000567,ACC0000207,Debit,10-Dec-20,29-Mar-21,0,0,6497,No,Discover
CARD000570,ACC0000620,Debit,11-Apr-19,28-Dec-21,0,0,30861,No,Discover
CARD000581,ACC0000166,Debit,03-Oct-22,02-Apr-25,0,0,12422,No,Discover
CARD000591,ACC0000152,Debit,30-Sep-22,15-Feb-24,0,0,40451,No,Discover
CARD000592,ACC0000283,Debit,12-Mar-18,02-Dec-19,0,0,24836,No,Discover
CARD000597,ACC0000514,Debit,01-Jan-22,10-Oct-22,0,0,37264,No,Discover
CARD000022,ACC0000557,Debit,05-Oct-23,07-May-26,0,0,4505,Yes,American Express
CARD000036,ACC0000399,Debit,17-Oct-23,21-Jan-26,0,0,25178,Yes,American Express
CARD000058,ACC0000602,Debit,21-Jul-23,11-Mar-26,0,0,13991,Yes,Discover
CARD000079,ACC0000019,Debit,21-Jul-23,30-Jan-26,0,0,10278,Yes,Visa
CARD000179,ACC0000082,Debit,29-May-23,14-Feb-26,0,0,27548,Yes,Discover
CARD000240,ACC0000032,Debit,29-Feb-24,23-Apr-26,0,0,27242,Yes,Mastercard
CARD000245,ACC0000243,Debit,19-Feb-24,28-Aug-26,0,0,8561,Yes,American Express
CARD000249,ACC0000211,Debit,21-May-24,29-Nov-26,0,0,23549,Yes,Visa
CARD000259,ACC0000442,Debit,20-Apr-24,15-Aug-26,0,0,8100,Yes,American Express
CARD000266,ACC0000605,Debit,06-Jun-24,10-Apr-27,0,0,44602,Yes,Visa
CARD000269,ACC0000351,Debit,04-Dec-23,18-Mar-26,0,0,5318,Yes,Visa
CARD000286,ACC0000354,Debit,21-Oct-23,14-Mar-26,0,0,26960,Yes,Visa
CARD000305,ACC0000312,Debit,22-Jul-24,28-Feb-27,0,0,40718,Yes,Mastercard
CARD000357,ACC0000614,Debit,28-Jan-24,18-Dec-26,0,0,1094,Yes,American Express
CARD000361,ACC0000693,Debit,06-Dec-23,19-Oct-26,0,0,964,Yes,Discover
CARD000430,ACC0000523,Debit,10-Nov-23,23-Dec-25,0,0,37969,Yes,Visa
CARD000437,ACC0000457,Debit,23-Oct-23,07-May-26,0,0,4586,Yes,Visa
CARD000461,ACC0000483,Debit,22-Oct-23,12-Jul-26,0,0,5054,Yes,Discover
CARD000499,ACC0000152,Debit,08-Jul-23,14-Mar-26,0,0,26451,Yes,Visa
CARD000500,ACC0000566,Debit,10-Feb-24,23-Dec-25,0,0,20657,Yes,Visa
CARD000509,ACC0000677,Debit,29-Feb-24,01-Jul-26,0,0,11249,Yes,Discover
CARD000541,ACC0000250,Debit,26-Jul-23,15-Dec-25,0,0,13528,Yes,American Express
CARD000047,ACC0000107,Credit,23-Feb-24,12-Jun-26,23995.69,12435.72,24395,Yes,Visa
CARD000064,ACC0000631,Credit,01-Aug-23,03-Jun-26,6270.64,3555.83,30649,Yes,Mastercard
CARD000081,ACC0000684,Credit,15-Nov-23,07-Jun-26,11150.61,1079.33,44329,Yes,Discover
CARD000098,ACC0000018,Credit,21-Dec-23,06-Apr-26,11527.27,983.88,18617,Yes,American Express
CARD000110,ACC0000695,Credit,21-Aug-23,25-Jan-26,29532.83,14132.65,12685,Yes,Mastercard
CARD000142,ACC0000591,Credit,19-Dec-23,01-Nov-26,47227.19,29911.48,2961,Yes,American Express
CARD000160,ACC0000070,Credit,18-Mar-24,20-Jan-26,48209.04,8059.48,44174,Yes,Mastercard
CARD000253,ACC0000685,Credit,04-Aug-23,18-Mar-26,2970.77,1674.87,47871,Yes,Discover
CARD000284,ACC0000232,Credit,14-Apr-23,06-Jan-26,38398.01,2459,47576,Yes,Mastercard
CARD000291,ACC0000631,Credit,20-Mar-23,23-Feb-26,44763.44,30281.08,43537,Yes,Visa
CARD000351,ACC0000350,Credit,09-May-23,23-Apr-26,11683.8,3159.36,48637,Yes,Discover
CARD000400,ACC0000060,Credit,25-Jun-23,25-Feb-26,47392.97,13632.76,36043,Yes,Discover
CARD000424,ACC0000635,Credit,05-Aug-23,10-May-26,9814.32,6779.78,28303,Yes,Mastercard
CARD000562,ACC0000551,Credit,19-Apr-23,07-Feb-26,26518.49,7219.89,34383,Yes,Mastercard
CARD000594,ACC0000278,Credit,03-Feb-24,27-Dec-25,23590.75,16146.09,1023,Yes,Mastercard
CARD000001,ACC0000426,Credit,05-Aug-23,07-Mar-24,20601,3248.85,10822,No,Discover
CARD000004,ACC0000371,Credit,20-Apr-22,19-Sep-22,10036.93,661.78,8600,No,American Express
CARD000005,ACC0000414,Credit,26-Sep-21,14-Feb-24,10392.5,4186.94,6983,No,Visa
CARD000010,ACC0000416,Credit,30-Dec-21,29-Aug-23,27571.29,11414.15,33512,No,Visa
CARD000014,ACC0000117,Credit,13-Jun-22,29-Apr-25,29938.35,17603.11,37483,No,Mastercard
CARD000015,ACC0000073,Credit,22-Jan-23,31-Dec-25,21270.73,7535.15,13565,No,Mastercard
CARD000016,ACC0000619,Credit,23-Jul-24,30-Oct-24,12705.76,1698.14,33059,No,Visa
CARD000018,ACC0000638,Credit,27-May-22,25-Aug-23,22126.4,11973.38,1673,No,American Express
CARD000019,ACC0000579,Credit,11-Oct-23,05-Jun-25,11617.36,8042.87,36483,No,Mastercard
CARD000024,ACC0000053,Credit,29-Feb-24,26-Nov-25,27317.65,3256.17,23227,No,American Express
CARD000025,ACC0000334,Credit,05-May-22,25-Jan-25,27889.34,4622.24,48471,No,American Express
CARD000030,ACC0000031,Credit,23-Apr-22,23-Jun-23,48541.51,32280.69,38197,No,American Express
CARD000037,ACC0000579,Credit,06-Apr-23,09-Jan-26,4269.72,308.84,39356,No,Mastercard
CARD000039,ACC0000108,Credit,18-Apr-19,26-Jun-21,11044.6,8619.07,4593,No,Mastercard
CARD000040,ACC0000665,Credit,23-Jun-20,08-Oct-22,5957.41,3088.43,11538,No,American Express
CARD000044,ACC0000068,Credit,28-Aug-23,03-Jul-25,19046.2,3980.96,33106,No,Mastercard
CARD000048,ACC0000659,Credit,04-Aug-23,31-May-25,9138.14,957.28,29714,No,Visa
CARD000051,ACC0000345,Credit,26-Dec-21,27-Aug-24,3651.68,1740.99,2918,No,American Express
CARD000052,ACC0000383,Credit,11-Dec-21,26-Oct-23,4733.95,2779.57,44805,No,Visa
CARD000054,ACC0000233,Credit,18-Dec-22,07-Mar-24,32181.75,1236.88,38425,No,Discover
CARD000055,ACC0000521,Credit,11-Aug-20,06-Aug-21,49449.67,28883.45,19973,No,Discover
CARD000057,ACC0000199,Credit,21-Jul-21,10-Jul-24,49958.71,28127.81,35559,No,American Express
CARD000059,ACC0000329,Credit,17-Jun-23,01-Dec-23,32952.25,2976.85,47175,No,American Express
CARD000072,ACC0000032,Credit,21-May-24,21-Oct-25,9544.33,5464.41,13716,No,Discover
CARD000075,ACC0000421,Credit,16-Jan-21,26-Jun-22,20400.24,8866.21,25729,No,American Express
CARD000076,ACC0000301,Credit,12-May-22,23-Aug-24,24762.13,4117.5,27984,No,Discover
CARD000077,ACC0000416,Credit,26-Nov-21,11-Apr-22,40719.72,31082.89,19746,No,American Express
CARD000080,ACC0000161,Credit,15-Sep-22,21-May-25,38533.31,14302.69,33870,No,Discover
CARD000087,ACC0000283,Credit,29-Jun-19,15-Nov-21,9102.64,3198.72,3528,No,Discover
CARD000088,ACC0000486,Credit,14-May-18,23-Oct-20,21764.61,15359.38,43287,No,American Express
CARD000089,ACC0000585,Credit,19-Oct-21,21-Dec-23,16923.63,13442.91,26978,No,Discover
CARD000090,ACC0000048,Credit,11-Jun-19,09-Feb-22,37847.68,14142.34,44196,No,Visa
CARD000093,ACC0000311,Credit,09-Jan-23,04-Nov-25,31921.89,6291.68,8254,No,Visa
CARD000097,ACC0000578,Credit,22-Jan-23,15-Mar-25,41777.62,15725.62,16566,No,American Express
CARD000100,ACC0000240,Credit,04-May-22,07-Feb-24,1989.08,1038.07,10380,No,American Express
CARD000102,ACC0000169,Credit,14-Aug-22,07-Aug-25,29664.51,8930.67,37098,No,Mastercard
CARD000108,ACC0000269,Credit,08-Oct-22,22-Jan-23,5812.22,425.92,21086,No,Discover
CARD000113,ACC0000470,Credit,20-Sep-20,25-Oct-22,18991.64,8606.32,6404,No,Mastercard
CARD000114,ACC0000248,Credit,29-Mar-23,05-Jun-24,37878.08,16273.38,28064,No,Discover
CARD000117,ACC0000451,Credit,16-Jul-22,13-Apr-24,34049.15,13256.24,7282,No,American Express
CARD000122,ACC0000542,Credit,15-Jul-23,29-Aug-25,35878.93,13971.89,30886,No,Mastercard
CARD000126,ACC0000054,Credit,26-Mar-20,23-Jan-23,2083.32,1393.14,25379,No,Visa
CARD000127,ACC0000292,Credit,31-Oct-22,10-Jan-25,24352.31,6661.91,12484,No,Discover
CARD000131,ACC0000186,Credit,30-May-19,26-Jan-20,20539.24,12070.13,25432,No,Mastercard
CARD000133,ACC0000176,Credit,21-Dec-21,13-Sep-22,38764.75,9189.96,16902,No,Mastercard
CARD000135,ACC0000061,Credit,15-Jul-21,30-Apr-24,39296.45,18911.33,22031,No,American Express
CARD000136,ACC0000021,Credit,13-Sep-20,17-Jan-23,34047.71,7743.86,40354,No,Mastercard
CARD000137,ACC0000194,Credit,07-Oct-23,25-Nov-24,21687.43,14101.54,6209,No,Visa
CARD000139,ACC0000099,Credit,18-Jun-23,25-Sep-24,45096.62,8410.32,19762,No,American Express
CARD000141,ACC0000250,Credit,30-May-22,23-Oct-24,46975.19,10504.6,41864,No,Visa
CARD000144,ACC0000521,Credit,23-Aug-19,07-Apr-21,8738,398.65,10945,No,American Express
CARD000148,ACC0000087,Credit,13-Mar-20,14-May-21,11542.46,2695.15,12193,No,Mastercard
CARD000151,ACC0000264,Credit,31-Dec-19,08-May-22,2022.17,1382.16,34493,No,Discover
CARD000153,ACC0000270,Credit,22-Aug-23,07-Sep-25,35886.43,14113.19,27470,No,Mastercard
CARD000154,ACC0000240,Credit,09-Oct-22,17-Oct-22,45593.48,32136.84,22911,No,American Express
CARD000156,ACC0000168,Credit,09-Oct-19,07-Jul-20,15225.71,12033.97,13681,No,Mastercard
CARD000158,ACC0000540,Credit,11-Aug-23,25-Oct-24,28258.64,13661.38,4787,No,Discover
CARD000159,ACC0000520,Credit,04-Mar-23,02-Nov-24,23557.75,8599.71,15938,No,American Express
CARD000161,ACC0000405,Credit,22-Feb-23,11-Mar-24,4756.57,446.81,9510,No,Visa
CARD000164,ACC0000681,Credit,17-Mar-23,17-Jul-23,21190.16,4091.99,13345,No,Visa
CARD000165,ACC0000658,Credit,02-Jul-21,20-Nov-23,8009.75,266.19,30783,No,American Express
CARD000166,ACC0000695,Credit,22-Nov-23,25-Oct-24,8339.91,4315.38,28673,No,Visa
CARD000176,ACC0000637,Credit,06-Feb-24,31-Dec-24,34874.72,10253.01,32081,No,Discover
CARD000180,ACC0000576,Credit,06-Nov-22,20-Jan-24,13232.06,2433.7,18249,No,Mastercard
CARD000184,ACC0000579,Credit,14-Sep-21,17-Jun-24,44738.75,32205.01,22238,No,Mastercard
CARD000185,ACC0000368,Credit,01-Aug-22,07-Jun-24,28805.69,8782.69,38403,No,Mastercard
CARD000193,ACC0000512,Credit,23-Mar-23,18-Jun-23,6528.71,3749.24,215,No,Visa
CARD000197,ACC0000003,Credit,31-Dec-22,28-Dec-24,36163.59,12162.2,41773,No,Mastercard
CARD000198,ACC0000488,Credit,08-Jun-23,22-Jan-24,46323.24,36153.19,10210,No,Visa
CARD000207,ACC0000311,Credit,28-Dec-22,26-Aug-25,49072.29,10238.7,23034,No,Visa
CARD000209,ACC0000289,Credit,11-Nov-22,04-Jan-24,13460.27,9275.09,31654,No,Mastercard
CARD000210,ACC0000622,Credit,22-Jan-23,18-Nov-23,16267.27,3443.06,48474,No,American Express
CARD000211,ACC0000204,Credit,26-Apr-24,03-Nov-25,16904.6,2248.94,19683,No,American Express
CARD000218,ACC0000144,Credit,08-May-22,15-Feb-24,26568.42,12579.54,20514,No,Visa
CARD000224,ACC0000396,Credit,24-Aug-22,06-Mar-24,49887.73,32712.4,40516,No,Discover
CARD000226,ACC0000188,Credit,01-Dec-22,20-Jan-23,21585.26,13990.31,38602,No,Mastercard
CARD000229,ACC0000510,Credit,29-Jul-20,21-Dec-22,14326.01,4136.93,38426,No,Visa
CARD000230,ACC0000221,Credit,26-Mar-22,15-Mar-23,2074.41,273.16,17712,No,Visa
CARD000232,ACC0000644,Credit,21-Apr-21,20-May-22,37571.86,17868.1,37548,No,Discover
CARD000233,ACC0000326,Credit,25-Nov-19,08-Mar-21,9523.96,588.9,9529,No,Discover
CARD000234,ACC0000622,Credit,19-Mar-22,14-Aug-24,2948.39,1733.8,37489,No,Discover
CARD000235,ACC0000424,Credit,18-Nov-21,23-Mar-22,13753.57,8935.55,6352,No,Discover
CARD000236,ACC0000577,Credit,14-Oct-22,04-Sep-25,29941.54,2590.94,21375,No,American Express
CARD000239,ACC0000090,Credit,15-Oct-22,11-Dec-23,41040.86,21099.47,6406,No,Visa
CARD000241,ACC0000607,Credit,08-Jan-22,22-Mar-23,47002.92,18176.77,37463,No,Visa
CARD000244,ACC0000543,Credit,16-Oct-20,14-Oct-21,40530.39,26517.03,47925,No,Discover
CARD000246,ACC0000612,Credit,27-Feb-21,27-Jun-21,35401.69,19884.47,14187,No,Visa
CARD000254,ACC0000523,Credit,29-May-23,06-Jul-25,13705.54,4313.42,42566,No,Discover
CARD000255,ACC0000021,Credit,30-Sep-23,05-Mar-25,31797.52,15044.07,45524,No,Visa
CARD000262,ACC0000291,Credit,11-Apr-20,19-Sep-22,32221.94,10701.6,6120,No,Discover
CARD000268,ACC0000603,Credit,30-Jan-20,29-Nov-20,5100.93,3053.05,8452,No,American Express
CARD000271,ACC0000675,Credit,21-Sep-21,07-May-22,13580.62,3881.43,26020,No,Visa
CARD000272,ACC0000573,Credit,10-May-23,17-Jan-25,12771.65,5706.78,9878,No,Discover
CARD000275,ACC0000034,Credit,10-May-23,17-Oct-25,4683.89,14.44,19097,No,American Express
CARD000276,ACC0000451,Credit,21-Jul-23,27-Oct-24,36468.32,18236.64,44315,No,American Express
CARD000277,ACC0000573,Credit,04-Sep-19,09-Oct-21,3847.76,231.87,4640,No,Discover
CARD000278,ACC0000290,Credit,16-May-19,27-Feb-21,20377.48,3187.79,36079,No,Visa
CARD000285,ACC0000394,Credit,08-Jul-23,19-May-25,24100.42,17586.74,14352,No,Discover
CARD000288,ACC0000523,Credit,11-Nov-21,03-Oct-23,8451.92,2410.51,44147,No,Visa
CARD000290,ACC0000666,Credit,13-Sep-22,25-Sep-22,42933.08,25185.53,38785,No,American Express
CARD000292,ACC0000632,Credit,26-Jan-23,19-Jun-23,17585.88,5083.98,21886,No,Mastercard
CARD000294,ACC0000627,Credit,15-Jun-24,15-Feb-27,45095.52,7085.65,6097,No,American Express
CARD000295,ACC0000434,Credit,27-Nov-23,01-Feb-24,11463.04,5357.13,27871,No,Discover
CARD000297,ACC0000399,Credit,04-Mar-22,12-Dec-24,14494.78,140.21,3398,No,Visa
CARD000298,ACC0000313,Credit,12-Sep-19,17-Aug-21,21027.14,13882.63,41575,No,Discover
CARD000299,ACC0000398,Credit,26-Jun-22,13-Feb-24,2158.28,415.25,37028,No,Discover
CARD000301,ACC0000355,Credit,29-Apr-23,12-Nov-24,19024.7,6699.35,17576,No,American Express
CARD000302,ACC0000111,Credit,22-Jun-22,07-Mar-23,4630.11,115.22,34429,No,Mastercard
CARD000303,ACC0000658,Credit,25-Nov-23,18-Mar-25,31881.86,7556.15,34909,No,American Express
CARD000306,ACC0000385,Credit,11-May-23,11-Jul-23,4218.36,1256.73,597,No,Visa
CARD000309,ACC0000081,Credit,31-Mar-21,12-Dec-21,37322.55,15931.24,9842,No,Discover
CARD000310,ACC0000160,Credit,16-Feb-18,05-Jun-19,49085.85,38640.82,27757,No,American Express
CARD000311,ACC0000203,Credit,16-Aug-20,07-Oct-20,4479.15,3476.96,47175,No,American Express
CARD000314,ACC0000392,Credit,27-Feb-21,26-Feb-22,27000.41,13251.29,9695,No,Discover
CARD000319,ACC0000399,Credit,14-Jun-22,02-Nov-24,39695.36,10598.28,13960,No,Mastercard
CARD000320,ACC0000466,Credit,16-Mar-20,22-Aug-20,44885.35,34189.13,14190,No,Mastercard
CARD000325,ACC0000473,Credit,01-Apr-22,28-Jan-25,10379.85,2561.07,15609,No,Mastercard
CARD000326,ACC0000160,Credit,26-Jan-18,28-May-19,9022.74,180.7,15399,No,Discover
CARD000327,ACC0000253,Credit,12-Aug-21,13-Jun-24,44536.29,30225.78,48742,No,American Express
CARD000328,ACC0000645,Credit,11-Aug-23,06-Jun-25,23534.42,10935.86,24525,No,Visa
CARD000329,ACC0000151,Credit,24-Aug-23,23-Jul-25,8948.17,5015.82,15620,No,Mastercard
CARD000330,ACC0000542,Credit,21-Mar-22,01-Aug-22,36943.79,16869.1,27953,No,Discover
CARD000331,ACC0000479,Credit,06-Oct-22,01-Dec-24,6914.02,3574.7,36866,No,American Express
CARD000333,ACC0000044,Credit,03-Jul-20,09-Sep-21,23253.35,18004.73,48879,No,Discover
CARD000335,ACC0000006,Credit,19-Oct-19,14-Jan-22,11124.38,6428.39,102,No,Visa
CARD000336,ACC0000551,Credit,17-Feb-20,22-Nov-21,1900.95,6.33,18648,No,Mastercard
CARD000337,ACC0000393,Credit,25-Jan-23,24-Feb-24,26166.68,13234.2,3684,No,Discover
CARD000338,ACC0000692,Credit,25-May-23,14-Jul-25,19776.38,2039.44,25744,No,Mastercard
CARD000340,ACC0000157,Credit,29-Oct-18,27-Oct-21,46452.09,16279.97,20845,No,Mastercard
CARD000343,ACC0000559,Credit,14-Aug-22,15-May-23,32411.07,24767.56,39018,No,Visa
CARD000346,ACC0000520,Credit,19-Jun-21,30-Oct-22,33064.99,22419.18,28384,No,Discover
CARD000347,ACC0000617,Credit,21-Jul-23,14-Aug-23,30723.76,18141.46,12510,No,Mastercard
CARD000350,ACC0000420,Credit,15-Mar-22,14-Jan-25,37180.43,2266.13,20453,No,Discover
CARD000352,ACC0000051,Credit,13-Apr-23,19-Sep-25,43507.48,6596.35,6250,No,Visa
CARD000354,ACC0000133,Credit,20-May-19,29-Nov-21,3676.16,276.62,18856,No,Discover
CARD000355,ACC0000092,Credit,22-Jun-21,17-Oct-21,25722.15,9906.1,12780,No,Discover
CARD000360,ACC0000129,Credit,20-Jul-24,31-Jan-25,22049.4,14.02,13049,No,Visa
CARD000364,ACC0000506,Credit,14-Jan-21,04-Dec-22,23441.7,8869.86,15040,No,Discover
CARD000365,ACC0000398,Credit,19-Sep-19,26-Dec-20,13986.73,9408.12,3324,No,Mastercard
CARD000369,ACC0000010,Credit,25-Nov-22,27-May-24,35729.12,22279.6,30023,No,Discover
CARD000373,ACC0000285,Credit,11-Apr-18,21-Sep-19,16660.06,13024.52,17112,No,Mastercard
CARD000374,ACC0000047,Credit,08-May-19,09-Dec-20,9711.33,1903.95,35536,No,Discover
CARD000376,ACC0000230,Credit,17-Mar-19,10-Aug-20,28709.44,20127.33,22079,No,Visa
CARD000379,ACC0000351,Credit,15-Jan-23,13-Sep-24,48567.69,36614.87,39232,No,American Express
CARD000382,ACC0000237,Credit,31-Jul-21,25-Apr-22,19846.28,376.97,26249,No,Visa
CARD000383,ACC0000540,Credit,08-Sep-23,29-Nov-24,4469.96,439.02,27233,No,American Express
CARD000385,ACC0000679,Credit,11-Jun-23,03-Oct-23,26295.45,3464.38,17475,No,Discover
CARD000386,ACC0000544,Credit,05-Mar-18,15-Jan-20,32924.38,12357.84,46133,No,Mastercard
CARD000389,ACC0000413,Credit,27-Jun-22,09-Nov-23,35194.29,18949.14,45099,No,Visa
CARD000391,ACC0000448,Credit,28-Sep-20,08-May-22,22682.35,4456.93,47796,No,Visa
CARD000392,ACC0000069,Credit,07-Mar-24,26-Jul-24,42812.24,3234.98,44520,No,Visa
CARD000399,ACC0000199,Credit,07-Dec-20,26-Dec-21,10227.5,750.8,45478,No,Visa
CARD000401,ACC0000089,Credit,24-Mar-22,07-Oct-23,5225.4,10.16,34666,No,Visa
CARD000402,ACC0000136,Credit,04-Oct-22,18-May-23,13069.89,8909.22,10968,No,Discover
CARD000408,ACC0000058,Credit,03-Jul-23,26-Nov-25,38602.16,14760.17,3921,No,American Express
CARD000409,ACC0000127,Credit,19-Jan-23,08-Nov-23,25230.03,18451.76,47549,No,Discover
CARD000410,ACC0000473,Credit,04-Feb-21,19-Feb-21,35467.52,25588.14,25014,No,Discover
CARD000412,ACC0000426,Credit,05-May-22,28-Mar-25,37710.84,25714.93,34914,No,Mastercard
CARD000413,ACC0000584,Credit,22-Mar-23,19-Aug-24,5956.02,952.63,13968,No,Visa
CARD000414,ACC0000314,Credit,06-Aug-23,22-Mar-25,8331.69,3829.02,30324,No,Discover
CARD000415,ACC0000580,Credit,22-Oct-22,22-Mar-23,14758.79,2652.33,23939,No,Discover
CARD000421,ACC0000500,Credit,04-Jun-20,16-Oct-22,40976.16,4240.74,16414,No,American Express
CARD000422,ACC0000504,Credit,06-Aug-23,17-Sep-25,9803.84,2542.43,11898,No,Visa
CARD000431,ACC0000562,Credit,21-Sep-23,09-Dec-24,38291.15,6440.77,18595,No,Visa
CARD000434,ACC0000143,Credit,04-Nov-23,12-Jul-24,39949.68,27834.91,40447,No,Mastercard
CARD000435,ACC0000190,Credit,26-Oct-21,10-Dec-21,42422.86,6410.67,23835,No,Discover
CARD000438,ACC0000284,Credit,05-Oct-23,08-Mar-25,3679.88,1059.15,4375,No,Discover
CARD000440,ACC0000599,Credit,17-Nov-22,18-Aug-24,27303.17,13348.54,43170,No,American Express
CARD000442,ACC0000500,Credit,28-Nov-20,12-Jun-23,2437.57,437.08,8134,No,Visa
CARD000443,ACC0000692,Credit,19-May-23,06-Sep-25,28820.89,16925.5,40209,No,Discover
CARD000448,ACC0000308,Credit,07-Sep-22,28-Dec-24,38342.53,2912.12,15042,No,American Express
CARD000451,ACC0000164,Credit,06-Mar-21,02-Oct-23,9693.02,706.15,19402,No,Mastercard
CARD000452,ACC0000309,Credit,13-May-19,14-Jul-19,47564.81,29253.41,48382,No,American Express
CARD000457,ACC0000492,Credit,29-Oct-21,09-Jun-22,27582.19,6041.26,20332,No,Mastercard
CARD000460,ACC0000689,Credit,15-May-22,12-Feb-25,46077.69,25683.58,14402,No,American Express
CARD000462,ACC0000185,Credit,23-Sep-22,18-Dec-22,9198.68,2715.06,41210,No,Visa
CARD000467,ACC0000454,Credit,29-Dec-22,26-Feb-25,47397.18,1888.81,31013,No,Mastercard
CARD000468,ACC0000656,Credit,03-Nov-23,30-Nov-23,25224.48,14387.04,39904,No,Mastercard
CARD000471,ACC0000606,Credit,23-Dec-22,24-Jan-24,49784.02,19237.89,3739,No,Mastercard
CARD000473,ACC0000530,Credit,30-Jun-23,31-Mar-24,37230.44,4790.28,25689,No,Visa
CARD000475,ACC0000341,Credit,28-May-23,19-Mar-24,17285.79,5372,15114,No,Discover
CARD000484,ACC0000157,Credit,02-Mar-20,15-Sep-21,17198.9,6139.59,45947,No,Visa
CARD000488,ACC0000328,Credit,16-Mar-22,27-Nov-23,17656.92,2319.26,42896,No,Discover
CARD000491,ACC0000170,Credit,19-Jun-22,18-Aug-22,14066.04,1012.89,3940,No,Mastercard
CARD000494,ACC0000046,Credit,07-Jan-24,26-Jun-25,32500.19,13466.56,46774,No,Mastercard
CARD000496,ACC0000253,Credit,31-Dec-21,18-Dec-23,23273.09,5188.01,29093,No,Mastercard
CARD000498,ACC0000236,Credit,21-May-22,25-Aug-23,7949.55,4227.14,1907,No,Visa
CARD000501,ACC0000674,Credit,27-Jul-18,04-Mar-19,24753.14,8946.13,36934,No,Mastercard
CARD000507,ACC0000589,Credit,05-Nov-21,06-Aug-24,38570.73,8551.98,26132,No,Visa
CARD000510,ACC0000137,Credit,23-Mar-23,03-Apr-23,6775.32,4799.65,45733,No,Visa
CARD000512,ACC0000389,Credit,16-Jan-19,30-Oct-21,4242.06,3321.03,30658,No,American Express
CARD000514,ACC0000487,Credit,27-Aug-23,28-Sep-25,6858.22,1698.12,49377,No,Mastercard
CARD000518,ACC0000303,Credit,25-Nov-23,15-Oct-24,16733.75,7369.89,18529,No,Discover
CARD000520,ACC0000040,Credit,20-Jun-20,22-Mar-22,36178.42,22660.44,21396,No,Discover
CARD000524,ACC0000435,Credit,09-Oct-19,17-Jul-20,18635.76,8329.07,46903,No,Visa
CARD000527,ACC0000562,Credit,06-Jul-18,24-Sep-20,8398.72,4018.41,36268,No,Mastercard
CARD000528,ACC0000424,Credit,24-Apr-23,24-Aug-23,44512.09,27677.64,24283,No,Visa
CARD000530,ACC0000651,Credit,19-Jan-21,27-May-23,24954.01,9382.69,29348,No,Mastercard
CARD000535,ACC0000651,Credit,23-Apr-19,30-Jan-22,13270.39,9896.12,37296,No,Visa
CARD000542,ACC0000158,Credit,18-Jul-18,16-Jan-19,40899.97,1169.35,5784,No,American Express
CARD000543,ACC0000623,Credit,08-Feb-24,11-Dec-25,37822.23,27852.59,1171,No,Discover
CARD000544,ACC0000400,Credit,01-Aug-22,14-Feb-23,24024.9,14423.63,47484,No,Visa
CARD000545,ACC0000258,Credit,27-Jun-21,06-Nov-21,32185.21,5896.63,2170,No,Discover
CARD000548,ACC0000070,Credit,02-May-24,28-Jul-25,12029.15,9445.24,7350,No,Visa
CARD000549,ACC0000068,Credit,23-Nov-23,28-Jun-24,37391.38,29021.07,38559,No,Discover
CARD000550,ACC0000279,Credit,08-Dec-22,17-Dec-23,2905.48,1353.36,20484,No,Mastercard
CARD000553,ACC0000414,Credit,29-Jul-22,29-Aug-23,8586.03,4516.95,17527,No,American Express
CARD000554,ACC0000134,Credit,09-Apr-20,12-Sep-22,44697.54,25523.46,250,No,Discover
CARD000556,ACC0000374,Credit,31-Oct-23,25-Apr-25,10086.76,4222.92,1914,No,Mastercard
CARD000557,ACC0000598,Credit,27-May-22,28-May-23,21614.28,7152.03,15972,No,American Express
CARD000558,ACC0000588,Credit,23-Jan-24,17-Apr-24,40822.86,30648.37,1310,No,American Express
CARD000560,ACC0000276,Credit,08-Feb-23,18-Jul-24,4495.39,1827.2,49808,No,Discover
CARD000561,ACC0000511,Credit,31-Aug-23,19-Feb-25,43412.28,32285.27,637,No,Visa
CARD000563,ACC0000474,Credit,22-Jan-19,06-Feb-21,3210.07,1804.61,43784,No,Visa
CARD000568,ACC0000494,Credit,09-Jun-24,30-Mar-25,39822.01,21759.44,12589,No,American Express
CARD000571,ACC0000549,Credit,10-Feb-24,20-Sep-25,21148.29,1880.68,41645,No,American Express
CARD000573,ACC0000498,Credit,22-Sep-22,08-Mar-23,28104.16,18719.89,35450,No,Visa
CARD000574,ACC0000528,Credit,03-Nov-22,13-Aug-23,42891.46,10280.22,31501,No,Visa
CARD000576,ACC0000196,Credit,15-Sep-23,25-Nov-23,32546.2,5973.72,2959,No,American Express
CARD000577,ACC0000228,Credit,02-Nov-22,07-May-25,24777.66,8072.87,39908,No,Visa
CARD000578,ACC0000475,Credit,11-Feb-23,08-Mar-25,32680.46,13961.8,35691,No,Mastercard
CARD000579,ACC0000152,Credit,21-Jul-23,01-Apr-25,14938.06,2235.39,17868,No,Visa
CARD000580,ACC0000629,Credit,15-Jul-19,05-Jan-21,42214.81,4938.18,6018,No,American Express
CARD000583,ACC0000101,Credit,02-Aug-22,16-Nov-23,48893.37,38908.31,20315,No,Discover
CARD000590,ACC0000047,Credit,12-Aug-22,12-Jun-23,35674.45,6775.05,11986,No,Mastercard
CARD000595,ACC0000646,Credit,21-Nov-22,28-Oct-24,5002.14,3877.53,29022,No,Discover
CARD000598,ACC0000563,Credit,05-Jan-22,22-May-24,26338.29,10860.69,11188,No,American Express
